movie_id,budget_million,revenue_million
1,192.19,117.73
2,83.23,125.22
3,221.2,784.19
4,267.76,238.63
5,127.15,80.62
6,66.37,184.12
7,8.93,12.46
8,195.32,576.63
9,66.91,210.88
10,243.02,128.62
11,241.94,881.06
12,102.73,123.24
13,287.21,578.63
14,28.73,26.87
15,254.4,818.35
16,242.33,916.93
17,161.33,787.13
18,114.18,340.73
19,248.99,817.52
20,258.65,801.32
21,211.67,149.48
22,69.14,124.61
23,24.86,38.47
24,31.2,54.63
25,191.07,409.22
26,111.68,161.13
27,80.83,381.11
28,194.76,631.23
29,52.17,197.26
30,49.86,110.07
31,296.87,1003.42
32,167.53,599.89
33,253.01,1010.02
34,69.49,44.78
35,95.32,162.5
36,64.08,303.94
37,263.03,503.98
38,196.98,449.18
39,274.45,703.92
40,80.2,129.11
41,168.85,284.06
42,175.79,798.12
43,120.42,179.06
44,299.26,835.79
45,28.18,20.06
46,33.79,112.3
47,237.83,570.73
48,19.99,44.32
49,298.84,860.96
50,291.35,1274.22
51,4.43,16.58
52,204.83,597.36
53,80.78,273.39
54,34.35,84.38
55,136.66,654.9
56,262.88,443.02
57,150.68,196.48
58,273.88,1209.82
59,90.23,304.55
60,183.08,217.46
61,228.99,670.3
62,233.81,674.91
63,1.17,2.29
64,6.82,31.92
65,263.74,1118.92
66,92.95,70.7
67,263.52,1254.69
68,26.61,71.5
69,21.69,85.08
70,229.98,247.86
71,143.11,425.63
72,80.25,355.18
73,127.52,185.3
74,162.25,614.07
75,61.14,116.33
76,298.55,1022.37
77,131.99,373.41
78,37.18,56.18
79,102.09,321.32
80,69.8,104.07
81,22.23,74.25
82,69.45,317.69
83,258.03,211.29
84,72.16,253.31
85,65.06,71.27
86,280.72,861.72
87,142.33,573.7
88,242.44,328.95
89,29.98,73.14
90,127.65,332.1
91,218.99,773.07
92,295.27,278.4
93,121.38,246.02
94,258.64,418.73
95,57.87,145.76
96,127.14,222.93
97,75.69,352.31
98,133.5,584.21
99,165.55,120.46
100,299.79,1277.74
101,290.73,1357.32
102,254.76,318.04
103,146.21,213.74
104,120.91,92.36
105,114.31,563.99
106,80.3,323.47
107,137.05,329.4
108,287.24,1430.28
109,167.17,624.02
110,47.28,86.77
111,290.64,902.82
112,163.12,630.6
113,18.09,56.6
114,151.35,656.44
115,48.07,231.87
116,24.95,33.34
117,178.92,633.1
118,71.33,74.15
119,267.2,429.65
120,178.76,587.62
121,126.35,395.04
122,157.31,740.33
123,62.07,231.08
124,72.37,165.08
125,201.84,373.4
126,95.54,371.02
127,22.69,58.14
128,299.54,1492.44
129,22.9,33.42
130,80.29,377.34
131,264.38,1178.27
132,111.49,134.89
133,250.29,917.55
134,183.89,908.89
135,196.54,105.19
136,245.31,453.14
137,199.35,941.97
138,41.15,41.95
139,33.0,98.65
140,82.43,265.57
141,215.57,305.29
142,190.64,321.79
143,147.07,672.7
144,253.99,232.49
145,127.65,222.76
146,2.06,8.18
147,191.5,321.49
148,222.63,664.01
149,128.88,70.05
150,23.5,105.14
151,271.27,801.65
152,250.54,782.01
153,45.28,48.61
154,93.17,423.5
155,239.04,1045.36
156,269.78,389.93
157,75.61,72.78
158,234.25,1049.11
159,122.51,403.42
160,47.21,221.15
161,259.52,1269.81
162,243.42,1087.2
163,8.41,32.08
164,100.32,470.37
165,240.87,1057.01
166,243.41,413.95
167,236.42,233.21
168,261.78,1142.32
169,67.51,281.83
170,138.63,259.7
171,238.81,363.99
172,8.08,11.06
173,99.15,435.23
174,290.1,509.43
175,192.8,443.16
176,294.36,857.46
177,281.83,287.2
178,291.15,379.53
179,288.8,489.4
180,33.41,82.04
181,218.83,418.3
182,182.26,510.58
183,116.17,359.51
184,77.16,284.68
185,1.51,7.04
186,162.0,605.46
187,222.84,783.91
188,109.9,89.56
189,199.61,396.41
190,94.86,409.42
191,216.21,400.3
192,93.48,218.53
193,121.32,222.07
194,39.06,93.43
195,282.17,1001.12
196,270.94,885.92
197,90.98,269.82
198,1.12,2.01
199,129.54,402.86
200,196.76,510.09
201,133.21,194.71
202,142.48,649.04
203,239.01,302.02
204,26.35,74.29
205,190.25,382.09
206,245.71,953.38
207,202.17,305.46
208,60.54,36.92
209,74.21,195.77
210,255.07,211.13
211,124.92,416.48
212,59.14,214.89
213,148.82,237.8
214,197.16,103.5
215,225.54,894.31
216,32.87,79.32
217,53.59,257.81
218,155.87,113.16
219,75.51,326.02
220,137.48,564.54
221,200.61,992.12
222,179.04,854.95
223,267.54,871.36
224,216.06,598.81
225,249.34,739.4
226,269.27,1035.73
227,142.93,238.17
228,74.92,252.44
229,229.98,654.49
230,188.4,327.0
231,24.17,43.16
232,82.24,159.44
233,162.51,182.45
234,70.15,254.14
235,212.22,167.45
236,122.87,361.45
237,125.32,179.3
238,126.62,578.88
239,175.64,637.55
240,257.16,1014.54
241,114.73,60.41
242,106.18,413.11
243,256.18,1227.21
244,126.29,487.96
245,164.29,528.13
246,66.94,99.57
247,131.31,82.81
248,101.5,360.95
249,121.89,151.47
250,140.75,151.21
251,187.05,116.22
252,118.81,361.15
253,9.1,30.87
254,41.57,107.15
255,16.04,35.38
256,64.29,126.7
257,228.61,504.33
258,225.85,958.43
259,76.43,66.39
260,6.8,19.91
261,299.97,622.38
262,195.39,784.6
263,195.87,762.73
264,284.93,398.08
265,7.09,8.41
266,38.74,136.08
267,169.63,251.19
268,210.14,830.27
269,51.17,165.41
270,224.63,228.09
271,245.97,1190.8
272,33.32,20.51
273,94.28,334.51
274,287.49,656.9
275,214.79,180.85
276,207.49,689.4
277,31.47,125.13
278,255.24,817.24
279,37.2,183.3
280,235.01,484.69
281,129.09,279.81
282,152.28,309.97
283,255.02,1071.21
284,32.56,157.05
285,191.04,807.94
286,212.49,522.66
287,220.4,1067.76
288,81.75,338.19
289,161.91,433.23
290,131.24,497.35
291,81.25,352.03
292,249.39,221.95
293,264.61,422.68
294,139.95,454.35
295,114.32,71.92
296,255.43,336.73
297,64.42,263.49
298,102.76,458.46
299,210.65,367.21
300,4.04,19.26
301,26.6,99.49
302,147.08,575.34
303,207.49,706.83
304,147.76,601.12
305,28.82,43.15
306,207.84,390.31
307,174.89,459.9
308,159.75,385.76
309,224.03,445.5
310,211.15,362.99
311,76.17,79.44
312,58.58,60.81
313,161.22,633.57
314,56.36,83.06
315,145.78,548.23
316,293.01,838.26
317,85.62,81.54
318,59.04,89.96
319,54.65,30.8
320,160.71,278.74
321,292.31,874.04
322,209.53,223.83
323,260.67,706.14
324,261.94,807.64
325,141.35,350.85
326,56.12,41.03
327,282.38,748.25
328,246.81,568.45
329,23.15,77.15
330,17.03,19.95
331,169.29,316.11
332,298.18,308.03
333,229.57,741.15
334,237.43,359.85
335,157.25,397.42
336,133.37,582.93
337,297.02,556.68
338,186.69,605.5
339,222.29,1059.02
340,63.13,91.51
341,198.47,239.51
342,52.97,44.38
343,1.8,4.55
344,178.55,323.29
345,70.21,258.46
346,211.19,537.09
347,206.53,961.93
348,236.56,783.67
349,198.69,934.14
350,128.12,378.02
351,194.64,892.98
352,248.16,203.82
353,50.61,95.36
354,224.94,688.64
355,87.29,92.49
356,206.91,754.97
357,282.86,778.47
358,148.64,128.13
359,12.92,31.58
360,97.37,158.39
361,28.31,136.7
362,250.95,775.03
363,285.29,1425.9
364,202.01,346.0
365,13.03,50.86
366,141.68,486.22
367,274.91,361.97
368,176.01,590.78
369,148.03,134.79
370,105.04,210.07
371,201.37,877.93
372,99.61,360.74
373,87.18,414.4
374,244.26,726.78
375,136.99,262.38
376,97.66,475.2
377,121.85,343.09
378,296.45,1025.56
379,163.24,385.18
380,57.09,121.49
381,227.18,752.95
382,228.24,323.19
383,165.22,772.33
384,132.0,480.76
385,37.31,182.04
386,183.05,288.64
387,48.36,144.05
388,166.12,152.74
389,297.68,1371.76
390,138.97,142.94
391,249.81,685.15
392,215.26,600.56
393,82.75,352.21
394,294.09,469.6
395,165.83,369.16
396,276.64,771.02
397,263.92,1158.11
398,83.6,339.0
399,125.07,588.34
400,152.81,640.65
401,85.57,157.75
402,176.49,881.58
403,147.4,172.26
404,162.04,332.68
405,166.02,489.0
406,137.15,267.17
407,57.41,208.9
408,171.97,266.73
409,232.89,162.19
410,223.67,821.66
411,243.61,545.04
412,199.44,836.32
413,294.26,803.03
414,12.07,33.32
415,177.46,783.25
416,262.38,651.06
417,158.26,404.54
418,217.01,508.87
419,196.78,235.08
420,141.38,687.31
421,102.23,369.78
422,195.3,846.22
423,255.85,1117.31
424,114.62,220.64
425,215.9,845.75
426,261.84,173.22
427,21.46,71.68
428,276.36,1378.6
429,224.28,550.13
430,30.43,102.0
431,261.9,653.85
432,208.51,951.93
433,14.75,60.22
434,88.72,194.01
435,44.53,128.7
436,170.21,692.13
437,51.83,44.33
438,261.38,859.6
439,73.01,336.41
440,43.79,112.77
441,76.94,126.87
442,3.81,15.7
443,270.46,959.93
444,48.23,119.99
445,104.32,327.99
446,192.04,462.7
447,75.78,326.15
448,60.57,135.14
449,145.48,228.03
450,172.0,530.9
451,297.81,544.56
452,293.41,1015.8
453,83.07,253.09
454,206.05,793.5
455,15.66,50.56
456,149.52,683.11
457,86.57,354.49
458,182.51,380.61
459,191.35,630.31
460,203.65,762.5
461,198.1,846.39
462,188.85,862.16
463,194.26,367.19
464,132.81,412.78
465,219.98,199.21
466,89.24,344.79
467,53.52,58.59
468,162.28,790.58
469,159.72,736.42
470,249.31,412.95
471,247.58,660.62
472,242.14,934.54
473,102.28,104.15
474,288.91,327.45
475,289.98,1267.4
476,217.54,1068.06
477,290.21,1195.85
478,110.37,447.89
479,5.16,15.04
480,136.98,483.23
481,202.03,632.46
482,246.9,1168.16
483,33.4,51.84
484,8.48,37.98
485,168.86,779.91
486,67.19,52.71
487,247.33,1135.8
488,91.35,213.52
489,42.79,203.6
490,92.01,249.97
491,30.06,135.05
492,41.56,105.62
493,201.48,774.52
494,283.85,677.29
495,222.94,266.49
496,125.05,118.25
497,147.31,344.19
498,285.5,184.78
499,111.79,278.94
500,285.22,1240.57
501,30.71,110.11
502,163.8,802.67
503,108.24,248.05
504,57.75,60.62
505,254.56,648.17
506,199.17,674.72
507,179.55,107.03
508,236.25,377.07
509,38.65,117.52
510,21.51,84.82
511,62.94,92.63
512,261.04,516.47
513,45.12,205.4
514,1.85,8.07
515,44.26,48.02
516,75.95,97.61
517,198.66,122.38
518,5.44,22.06
519,72.14,141.18
520,53.1,39.07
521,222.77,638.77
522,223.95,591.92
523,233.63,656.4
524,33.61,93.01
525,283.68,197.2
526,235.18,1035.12
527,156.91,401.88
528,289.24,223.79
529,144.22,332.76
530,206.14,557.86
531,273.0,226.78
532,25.16,81.45
533,20.64,35.86
534,190.29,564.71
535,98.23,488.78
536,159.64,405.76
537,182.02,172.25
538,210.83,914.49
539,195.62,774.72
540,216.53,317.78
541,136.01,207.85
542,102.34,260.02
543,125.38,116.34
544,128.6,449.2
545,112.92,134.02
546,276.97,222.16
547,249.7,229.61
548,29.87,114.24
549,243.72,732.05
550,176.35,533.84
551,99.56,104.54
552,106.73,372.92
553,225.33,992.9
554,216.6,1052.2
555,180.52,375.92
556,173.8,253.28
557,197.36,297.84
558,33.36,143.59
559,110.9,436.03
560,172.66,713.52
561,253.7,1239.44
562,245.71,801.28
563,193.17,119.41
564,278.8,1180.04
565,80.97,106.22
566,211.11,399.09
567,102.61,54.12
568,261.09,795.92
569,120.83,137.56
570,190.32,121.42
571,224.09,328.99
572,126.53,257.37
573,111.65,418.37
574,233.27,712.45
575,26.4,19.45
576,48.07,157.68
577,202.52,349.24
578,198.92,534.2
579,133.17,230.28
580,226.73,229.49
581,129.54,229.88
582,203.87,548.38
583,200.47,141.21
584,119.18,381.01
585,3.3,6.13
586,64.16,71.7
587,77.4,152.99
588,3.31,12.78
589,53.53,118.35
590,211.4,581.6
591,250.17,1032.68
592,22.55,98.72
593,13.65,7.98
594,276.43,1210.62
595,173.15,533.35
596,213.14,507.19
597,35.44,21.05
598,98.11,402.83
599,185.82,788.64
600,276.01,247.47
601,253.5,404.31
602,177.07,506.04
603,119.33,226.28
604,102.51,204.9
605,51.27,143.41
606,35.09,98.07
607,271.87,563.37
608,218.49,914.44
609,244.7,382.52
610,44.79,62.16
611,181.12,710.17
612,197.0,255.54
613,232.08,632.08
614,226.58,888.07
615,135.22,629.95
616,169.78,570.26
617,187.73,823.97
618,188.54,222.35
619,21.42,53.33
620,91.54,158.92
621,17.8,49.54
622,93.81,237.68
623,18.01,76.41
624,23.94,105.08
625,256.73,838.87
626,152.61,394.07
627,166.74,677.49
628,268.87,678.57
629,243.13,834.73
630,97.14,256.48
631,46.11,35.89
632,31.95,145.25
633,103.69,385.15
634,151.86,193.85
635,75.08,185.44
636,132.39,377.62
637,48.47,105.56
638,85.59,200.23
639,102.17,325.97
640,236.98,808.78
641,20.71,19.16
642,203.84,362.56
643,217.4,751.02
644,272.0,1204.89
645,100.68,314.36
646,43.29,89.79
647,290.34,1057.76
648,118.2,375.6
649,281.46,532.84
650,113.63,461.62
651,244.14,858.28
652,248.86,951.76
653,205.94,590.79
654,194.16,467.02
655,109.19,232.76
656,54.9,80.37
657,284.35,764.4
658,68.74,76.92
659,24.07,103.5
660,31.24,123.99
661,250.7,1122.28
662,12.29,24.77
663,230.13,250.78
664,113.64,139.79
665,249.57,990.78
666,242.9,302.39
667,131.86,309.72
668,203.23,318.84
669,133.82,238.49
670,224.81,566.56
671,160.67,304.08
672,242.78,633.79
673,250.7,540.33
674,284.19,1401.05
675,139.04,245.82
676,115.18,330.98
677,289.91,1210.67
678,240.58,270.12
679,75.75,256.44
680,262.36,785.88
681,31.67,136.39
682,255.5,455.5
683,229.17,395.91
684,271.69,315.99
685,131.8,627.22
686,67.39,170.5
687,105.53,65.43
688,16.92,46.68
689,71.5,355.74
690,113.1,70.9
691,279.32,1194.45
692,195.34,793.32
693,42.14,75.47
694,249.1,904.81
695,42.5,156.18
696,135.13,70.76
697,24.69,40.78
698,250.65,744.34
699,218.44,628.01
700,34.24,61.51
701,91.04,65.08
702,126.53,515.3
703,137.68,137.52
704,271.64,865.26
705,5.91,16.66
706,73.34,84.05
707,129.34,422.51
708,72.93,173.18
709,199.65,176.74
710,292.42,235.27
711,158.29,440.52
712,296.51,887.66
713,117.75,307.99
714,191.07,939.05
715,76.84,44.04
716,236.77,485.76
717,220.15,732.47
718,231.68,882.32
719,100.42,70.24
720,164.26,683.45
721,53.35,213.73
722,139.92,507.8
723,189.89,788.37
724,19.87,79.34
725,137.85,250.95
726,14.1,19.71
727,13.53,63.59
728,155.1,767.91
729,163.37,267.91
730,226.23,307.66
731,107.74,432.45
732,259.87,518.09
733,38.22,82.41
734,266.96,1026.43
735,268.5,601.41
736,292.14,798.39
737,149.76,697.79
738,156.26,641.47
739,218.4,186.77
740,181.13,760.84
741,164.1,319.25
742,24.94,86.64
743,92.64,297.54
744,128.41,462.78
745,106.11,73.28
746,261.14,544.87
747,299.45,519.7
748,294.03,1401.22
749,23.44,78.96
750,109.63,450.02
751,204.14,977.33
752,43.69,141.3
753,234.61,154.04
754,21.1,84.47
755,110.53,245.69
756,170.61,549.86
757,204.04,973.21
758,112.23,441.5
759,172.6,497.53
760,120.01,410.8
761,75.63,76.43
762,220.97,606.72
763,116.71,353.34
764,79.27,132.48
765,134.44,670.0
766,86.39,399.48
767,147.87,155.54
768,256.0,648.75
769,269.71,675.08
770,27.25,97.25
771,253.81,491.92
772,104.88,83.09
773,163.11,735.79
774,255.56,946.37
775,278.27,937.67
776,238.32,664.77
777,37.29,52.37
778,42.52,172.49
779,8.86,26.52
780,111.3,458.16
781,165.94,539.93
782,26.78,50.66
783,299.88,1120.03
784,158.18,626.59
785,247.18,205.62
786,291.74,989.15
787,135.54,482.59
788,104.01,462.93
789,234.3,791.72
790,55.41,268.64
791,130.35,599.38
792,17.57,18.6
793,46.75,58.01
794,97.48,359.9
795,104.46,494.52
796,268.58,1156.69
797,75.93,254.95
798,165.7,176.18
799,91.54,265.53
800,151.27,190.43
801,282.54,337.32
802,197.96,740.93
803,181.94,780.77
804,169.52,714.28
805,9.48,6.68
806,192.79,596.78
807,195.69,773.23
808,125.56,423.82
809,149.91,498.04
810,87.61,420.96
811,145.4,599.21
812,205.81,378.37
813,22.82,17.56
814,132.44,354.82
815,62.0,200.26
816,94.46,352.58
817,220.53,964.49
818,292.64,318.52
819,111.79,338.44
820,96.42,250.61
821,80.97,130.82
822,29.95,54.09
823,115.86,378.77
824,75.23,330.55
825,48.75,96.21
826,173.73,331.34
827,229.17,628.43
828,154.9,425.11
829,93.25,56.35
830,283.62,786.9
831,290.04,425.82
832,106.52,77.49
833,148.97,665.97
834,196.62,514.68
835,161.47,696.3
836,129.85,580.57
837,218.52,860.39
838,110.42,254.26
839,171.51,235.99
840,166.41,138.27
841,151.77,597.95
842,84.64,419.04
843,204.44,211.52
844,292.55,664.84
845,238.67,483.52
846,281.75,1098.08
847,60.52,168.91
848,150.52,105.95
849,41.97,83.88
850,142.65,364.68
851,182.27,513.96
852,99.06,322.82
853,49.59,245.86
854,222.06,410.05
855,101.58,429.41
856,160.17,590.92
857,90.64,378.05
858,111.14,392.56
859,293.99,919.21
860,239.23,900.45
861,206.73,128.15
862,142.9,693.32
863,235.09,938.65
864,173.71,650.77
865,175.47,222.37
866,189.08,621.85
867,252.51,294.17
868,204.54,131.33
869,284.51,282.95
870,6.66,12.73
871,46.28,166.94
872,123.7,493.24
873,276.24,1223.1
874,221.02,172.45
875,42.29,60.6
876,98.19,341.7
877,158.12,302.31
878,52.78,243.03
879,103.36,216.47
880,231.82,867.97
881,193.35,699.91
882,183.41,250.39
883,74.71,224.98
884,68.24,332.88
885,89.99,162.03
886,62.98,231.29
887,95.8,198.27
888,280.18,1142.95
889,82.76,86.77
890,203.31,449.04
891,294.07,1230.01
892,286.43,1180.31
893,87.85,157.63
894,214.53,441.64
895,133.27,220.43
896,144.24,203.28
897,162.03,761.32
898,209.16,233.78
899,185.09,581.32
900,73.49,258.26
901,159.78,538.58
902,16.69,39.39
903,215.49,205.24
904,231.46,121.13
905,165.56,774.98
906,122.67,577.49
907,263.64,698.26
908,60.64,293.35
909,97.03,330.54
910,272.47,245.92
911,172.67,502.16
912,217.21,1024.15
913,274.06,352.93
914,264.79,341.86
915,275.97,1376.34
916,119.7,326.69
917,281.05,1357.36
918,277.89,1235.32
919,3.77,11.52
920,33.08,162.87
921,86.08,426.18
922,163.45,445.01
923,281.63,1219.39
924,140.94,192.76
925,34.68,42.7
926,138.22,229.13
927,56.67,216.18
928,237.44,725.38
929,227.43,293.32
930,256.99,1165.88
931,248.27,699.81
932,26.93,94.57
933,56.25,63.72
934,97.76,158.0
935,78.97,123.18
936,226.37,1085.03
937,91.28,342.57
938,4.42,15.21
939,208.14,162.26
940,36.35,68.36
941,122.22,337.49
942,268.64,984.84
943,93.98,96.65
944,274.92,502.46
945,184.77,274.58
946,40.94,48.69
947,224.57,724.42
948,125.34,372.45
949,141.78,413.83
950,199.56,295.92
951,74.99,292.19
952,262.07,227.59
953,134.58,493.5
954,24.35,73.99
955,19.47,57.72
956,152.14,468.16
957,45.81,90.54
958,156.58,160.19
959,62.42,195.01
960,28.19,78.84
961,242.8,616.82
962,154.46,394.74
963,18.26,47.12
964,242.27,909.67
965,119.39,498.34
966,224.0,694.94
967,14.54,29.81
968,20.06,99.77
969,280.44,227.32
970,280.2,180.11
971,123.25,488.12
972,229.98,1127.48
973,194.12,464.26
974,297.86,661.59
975,261.02,1195.59
976,113.32,404.81
977,198.88,582.09
978,196.41,405.58
979,54.36,158.6
980,159.12,600.74
981,67.58,34.85
982,7.8,14.37
983,202.38,597.02
984,160.05,673.03
985,75.01,154.35
986,83.42,393.6
987,217.78,219.48
988,243.03,580.01
989,230.05,1029.91
990,5.68,8.11
991,31.17,20.29
992,179.74,658.71
993,15.55,59.59
994,121.28,188.53
995,65.96,289.35
996,17.88,49.48
997,87.49,364.92
998,219.72,425.17
999,179.78,633.98
1000,96.88,180.0
1001,43.83,152.13
1002,67.09,124.27
1003,19.23,91.7
1004,264.03,1215.09
1005,188.17,455.82
1006,149.19,727.35
1007,282.53,994.8
1008,235.96,456.42
1009,125.48,147.0
1010,113.56,442.3
1011,142.58,616.24
1012,90.92,334.96
1013,241.93,1116.83
1014,169.15,821.23
1015,167.63,184.97
1016,73.61,104.16
1017,194.37,903.82
1018,254.29,232.95
1019,217.65,295.39
1020,81.27,287.01
1021,181.27,803.26
1022,57.26,224.9
1023,217.57,655.94
1024,144.34,636.92
1025,100.56,483.35
1026,5.58,26.32
1027,288.66,296.72
1028,299.87,796.2
1029,73.54,236.78
1030,62.15,287.01
1031,166.07,662.59
1032,114.82,333.14
1033,108.42,181.82
1034,154.33,422.52
1035,30.48,149.84
1036,141.38,604.94
1037,274.38,594.9
1038,124.77,378.22
1039,67.16,77.68
1040,78.97,371.67
1041,174.16,414.34
1042,46.57,92.41
1043,114.57,486.94
1044,150.29,517.86
1045,205.77,341.16
1046,246.66,1196.13
1047,192.87,522.23
1048,51.3,209.17
1049,51.61,193.09
1050,147.01,680.08
1051,163.1,552.61
1052,18.56,12.1
1053,254.16,1208.11
1054,200.8,791.06
1055,124.31,533.47
1056,70.2,258.49
1057,3.73,10.35
1058,112.59,369.32
1059,200.36,656.05
1060,145.48,392.12
1061,2.98,8.89
1062,4.54,13.09
1063,83.15,407.32
1064,6.13,25.5
1065,202.54,836.04
1066,273.02,267.99
1067,29.8,34.87
1068,58.39,167.52
1069,244.75,416.8
1070,119.67,260.73
1071,122.4,372.4
1072,297.08,450.48
1073,205.53,886.94
1074,196.47,857.0
1075,228.12,210.04
1076,114.4,341.73
1077,17.78,9.65
1078,52.24,143.63
1079,130.74,526.84
1080,170.19,742.17
1081,29.51,84.89
1082,13.72,19.91
1083,260.57,1171.0
1084,143.17,101.58
1085,23.23,108.37
1086,269.89,819.33
1087,10.84,50.73
1088,95.03,458.67
1089,176.52,685.81
1090,214.1,490.79
1091,24.0,29.54
1092,72.9,310.26
1093,117.36,532.15
1094,100.19,390.77
1095,42.85,212.03
1096,217.52,598.96
1097,292.32,216.79
1098,131.69,562.85
1099,102.84,407.3
1100,286.5,654.7
1101,232.29,147.11
1102,82.72,410.84
1103,147.69,310.32
1104,282.4,689.99
1105,204.23,709.3
1106,26.62,87.41
1107,239.62,888.75
1108,25.53,30.48
1109,213.79,716.74
1110,222.16,427.67
1111,32.86,17.2
1112,93.17,197.49
1113,81.66,89.52
1114,57.03,143.7
1115,166.87,389.84
1116,8.85,18.52
1117,28.83,92.0
1118,98.0,218.89
1119,88.26,198.15
1120,26.33,119.94
1121,271.66,1331.62
1122,172.02,217.28
1123,114.84,129.17
1124,91.04,247.54
1125,19.92,48.92
1126,126.91,340.0
1127,24.0,39.18
1128,74.73,247.55
1129,178.55,246.39
1130,32.98,61.7
1131,284.7,567.97
1132,186.44,767.82
1133,99.53,199.69
1134,244.83,1069.37
1135,292.29,325.19
1136,96.88,461.42
1137,61.05,116.84
1138,289.41,1406.32
1139,88.14,319.71
1140,147.81,456.95
1141,73.48,161.09
1142,245.13,556.01
1143,35.05,106.46
1144,178.08,526.29
1145,204.83,609.46
1146,285.95,736.98
1147,212.8,526.26
1148,88.11,318.76
1149,245.87,1003.26
1150,123.33,338.77
1151,190.37,302.52
1152,197.94,736.05
1153,236.93,197.33
1154,297.22,789.58
1155,120.84,335.91
1156,276.2,997.82
1157,163.55,663.73
1158,108.5,491.48
1159,161.53,544.65
1160,26.41,104.59
1161,197.62,414.52
1162,194.45,135.99
1163,295.1,1047.2
1164,120.49,468.35
1165,289.75,706.14
1166,4.15,6.91
1167,153.69,435.65
1168,174.57,539.17
1169,134.29,303.51
1170,231.93,730.27
1171,150.64,309.17
1172,8.34,8.09
1173,125.38,605.31
1174,35.7,168.97
1175,43.36,82.54
1176,137.14,196.23
1177,145.39,384.23
1178,132.01,479.91
1179,96.35,178.36
1180,243.25,247.6
1181,254.9,870.7
1182,203.46,252.21
1183,295.19,471.6
1184,53.16,64.89
1185,168.39,810.47
1186,70.32,163.33
1187,56.15,189.91
1188,130.21,82.21
1189,184.62,256.25
1190,178.07,400.61
1191,211.72,301.92
1192,225.95,935.27
1193,19.71,18.88
1194,261.72,351.05
1195,98.47,251.98
1196,79.44,348.1
1197,158.79,536.07
1198,179.49,583.5
1199,176.51,364.61
1200,253.81,832.02
1201,244.31,898.32
1202,89.94,293.67
1203,26.34,29.05
1204,36.24,67.92
1205,55.73,201.77
1206,153.74,366.22
1207,42.22,94.01
1208,56.54,189.96
1209,208.34,709.12
1210,299.97,899.04
1211,147.4,166.76
1212,95.06,240.45
1213,17.03,36.03
1214,3.87,4.31
1215,244.75,1183.91
1216,152.13,414.91
1217,205.72,487.63
1218,252.13,680.54
1219,25.72,16.43
1220,228.56,414.7
1221,83.18,242.82
1222,51.29,131.2
1223,223.01,880.14
1224,165.37,166.93
1225,35.15,140.18
1226,247.16,531.61
1227,246.96,169.72
1228,215.98,639.0
1229,296.94,285.32
1230,249.19,967.12
1231,90.01,449.77
1232,135.47,280.23
1233,245.2,607.07
1234,298.19,1189.88
1235,71.85,298.05
1236,176.79,367.34
1237,213.52,714.75
1238,50.63,57.04
1239,62.78,89.85
1240,18.75,38.98
1241,85.04,248.7
1242,97.77,358.64
1243,87.51,149.03
1244,257.55,1270.93
1245,204.11,189.52
1246,288.87,1165.77
1247,275.71,1369.23
1248,260.25,278.73
1249,259.96,422.06
1250,213.71,903.6
1251,228.68,810.23
1252,147.35,456.55
1253,81.35,192.31
1254,136.15,456.28
1255,264.16,242.74
1256,155.17,271.86
1257,280.96,607.1
1258,285.13,562.5
1259,1.74,6.93
1260,220.08,833.93
1261,138.08,481.71
1262,108.11,84.87
1263,160.79,238.01
1264,129.46,188.15
1265,81.29,343.66
1266,101.99,316.24
1267,170.28,457.04
1268,103.78,370.65
1269,15.47,14.67
1270,235.38,604.48
1271,38.15,166.31
1272,132.94,66.87
1273,287.45,405.43
1274,206.89,226.26
1275,195.35,237.43
1276,279.88,485.06
1277,196.72,320.01
1278,112.18,512.34
1279,50.49,115.3
1280,92.35,336.85
1281,71.01,244.96
1282,211.41,106.74
1283,143.57,157.52
1284,68.63,244.32
1285,3.78,13.72
1286,245.32,1213.52
1287,127.27,139.33
1288,22.18,49.32
1289,219.5,210.92
1290,94.69,422.74
1291,42.0,167.18
1292,226.19,248.62
1293,297.89,340.44
1294,159.62,85.9
1295,195.36,484.58
1296,217.01,721.85
1297,46.26,108.84
1298,206.28,901.41
1299,26.92,25.63
1300,225.98,712.53
1301,115.83,559.99
1302,95.04,107.32
1303,83.81,73.68
1304,166.47,532.71
1305,182.67,731.66
1306,207.45,895.25
1307,197.86,367.51
1308,155.81,435.15
1309,224.61,411.02
1310,17.32,78.64
1311,286.45,781.15
1312,34.71,95.39
1313,178.59,513.86
1314,293.33,1449.34
1315,280.24,306.56
1316,258.38,790.05
1317,110.26,393.99
1318,229.06,1098.35
1319,231.34,133.04
1320,21.19,35.6
1321,12.91,9.97
1322,237.0,658.8
1323,188.94,520.48
1324,125.21,458.04
1325,25.65,74.76
1326,185.2,323.84
1327,93.66,262.33
1328,61.76,255.46
1329,161.38,364.44
1330,190.65,811.29
1331,204.64,163.2
1332,209.9,794.43
1333,254.09,193.25
1334,26.78,65.75
1335,136.56,442.42
1336,93.48,358.74
1337,222.46,230.8
1338,212.66,777.64
1339,49.99,239.38
1340,157.38,633.21
1341,216.51,270.93
1342,38.95,156.39
1343,81.36,365.21
1344,231.66,146.43
1345,242.33,417.76
1346,20.1,74.48
1347,173.42,146.85
1348,137.1,290.73
1349,150.38,458.81
1350,110.94,182.83
1351,31.77,97.93
1352,217.11,331.7
1353,153.14,106.92
1354,259.02,414.56
1355,142.06,315.86
1356,45.88,215.19
1357,257.39,769.05
1358,274.27,1051.28
1359,126.39,246.22
1360,125.46,469.38
1361,82.11,69.83
1362,112.47,310.33
1363,270.68,353.79
1364,241.5,1187.3
1365,286.27,231.93
1366,140.06,247.96
1367,253.61,500.34
1368,166.37,89.15
1369,61.0,185.26
1370,91.87,303.38
1371,139.71,441.85
1372,148.51,590.59
1373,59.43,270.53
1374,228.38,366.11
1375,2.91,6.82
1376,70.67,145.5
1377,252.03,1120.88
1378,285.35,144.55
1379,197.53,853.43
1380,218.44,211.4
1381,159.41,250.55
1382,148.12,113.98
1383,299.09,1107.36
1384,28.81,133.84
1385,269.29,764.49
1386,210.55,458.2
1387,292.39,257.91
1388,29.58,32.56
1389,246.17,205.98
1390,170.78,419.68
1391,289.3,452.89
1392,79.04,151.56
1393,240.44,878.39
1394,220.87,426.56
1395,82.31,68.82
1396,61.61,247.04
1397,175.83,210.88
1398,50.15,130.25
1399,122.55,356.82
1400,289.43,415.15
1401,93.18,157.71
1402,36.85,44.56
1403,206.13,869.61
1404,209.37,142.68
1405,250.94,495.62
1406,28.27,45.71
1407,107.37,301.77
1408,203.48,339.96
1409,297.21,190.18
1410,121.91,309.03
1411,224.68,364.96
1412,139.15,572.96
1413,42.8,23.7
1414,249.28,1226.84
1415,40.08,168.6
1416,112.3,374.67
1417,193.76,604.62
1418,78.39,325.9
1419,7.52,5.94
1420,270.85,675.89
1421,39.51,180.67
1422,248.98,495.96
1423,13.77,35.45
1424,51.23,157.92
1425,246.68,561.81
1426,9.82,35.1
1427,52.67,77.23
1428,56.96,100.21
1429,265.14,173.91
1430,186.13,298.93
1431,89.24,210.07
1432,165.66,128.29
1433,84.65,94.6
1434,60.64,271.72
1435,158.22,528.2
1436,240.85,981.9
1437,296.83,1192.85
1438,108.37,319.73
1439,145.92,672.26
1440,151.22,339.9
1441,54.76,105.96
1442,66.49,301.26
1443,233.78,178.53
1444,297.47,857.44
1445,230.29,1151.04
1446,292.22,277.79
1447,197.4,335.46
1448,245.07,1134.1
1449,17.72,88.31
1450,66.6,287.0
1451,239.42,501.97
1452,251.93,1084.18
1453,53.65,169.87
1454,242.06,880.93
1455,274.28,171.95
1456,210.47,1002.68
1457,169.52,514.32
1458,57.28,283.31
1459,264.61,718.42
1460,93.41,252.86
1461,27.99,43.3
1462,66.42,190.56
1463,1.2,5.56
1464,61.24,66.58
1465,215.36,998.09
1466,253.44,495.77
1467,7.55,23.71
1468,275.25,1096.77
1469,254.1,1111.18
1470,288.21,628.63
1471,282.64,644.47
1472,31.21,57.99
1473,41.8,50.53
1474,284.66,1156.66
1475,288.24,986.16
1476,53.09,257.98
1477,208.37,975.13
1478,236.31,355.54
1479,177.1,228.3
1480,92.74,333.7
1481,39.08,147.71
1482,284.69,1357.73
1483,118.09,587.41
1484,289.59,186.99
1485,181.11,841.2
1486,290.29,433.7
1487,170.1,802.04
1488,43.05,165.92
1489,72.16,355.08
1490,51.2,229.58
1491,27.53,101.6
1492,192.09,862.47
1493,134.54,227.84
1494,75.61,60.87
1495,77.74,76.66
1496,1.38,3.09
1497,220.04,1069.61
1498,265.48,721.81
1499,114.24,337.82
1500,31.33,83.27
1501,259.35,889.41
1502,206.46,254.35
1503,23.04,99.21
1504,89.18,172.49
1505,285.55,238.12
1506,51.86,113.55
1507,219.86,651.16
1508,269.54,247.7
1509,178.62,582.55
1510,145.34,92.94
1511,282.79,351.36
1512,267.04,322.31
1513,31.28,44.57
1514,57.81,210.28
1515,216.89,820.9
1516,80.31,141.9
1517,72.03,52.1
1518,171.96,735.88
1519,46.92,99.65
1520,128.85,235.21
1521,198.94,636.8
1522,60.7,37.38
1523,52.08,94.43
1524,25.5,109.57
1525,93.2,213.3
1526,147.24,511.61
1527,28.25,83.3
1528,56.28,252.4
1529,111.45,279.29
1530,79.73,206.72
1531,68.65,117.29
1532,19.43,75.49
1533,200.57,177.64
1534,103.79,304.78
1535,291.24,918.5
1536,166.53,713.35
1537,245.7,585.71
1538,161.12,709.09
1539,142.97,638.71
1540,143.4,122.65
1541,270.93,1006.34
1542,151.13,687.95
1543,240.33,852.91
1544,186.46,194.15
1545,227.4,290.61
1546,295.33,1439.66
1547,242.73,259.2
1548,127.59,631.22
1549,131.18,654.29
1550,188.54,801.95
1551,78.11,359.2
1552,274.34,219.9
1553,117.04,267.8
1554,98.51,171.69
1555,137.99,611.38
1556,236.18,780.28
1557,157.25,375.54
1558,124.92,145.77
1559,176.79,691.73
1560,281.96,1314.55
1561,169.24,161.53
1562,86.54,251.86
1563,103.82,243.87
1564,115.53,310.21
1565,183.08,122.41
1566,83.35,95.63
1567,182.99,662.69
1568,12.6,56.74
1569,100.12,157.1
1570,223.98,1040.11
1571,269.21,159.12
1572,245.4,457.36
1573,84.82,230.06
1574,209.16,197.02
1575,260.8,288.11
1576,292.29,728.97
1577,247.92,424.54
1578,125.62,427.74
1579,57.19,83.0
1580,247.37,948.48
1581,228.09,1004.13
1582,246.48,694.76
1583,48.53,92.21
1584,152.53,169.37
1585,255.54,1138.94
1586,9.66,13.21
1587,250.05,1066.81
1588,75.6,193.08
1589,275.49,1011.28
1590,82.92,348.74
1591,152.03,510.72
1592,38.04,24.25
1593,112.37,356.57
1594,54.1,238.97
1595,176.48,366.01
1596,49.89,225.76
1597,224.94,809.75
1598,86.24,193.14
1599,49.71,152.87
1600,289.51,1261.4
1601,194.57,690.65
1602,81.46,190.84
1603,7.0,28.08
1604,230.5,124.48
1605,273.54,933.64
1606,180.74,97.25
1607,76.46,315.24
1608,92.33,447.95
1609,193.18,465.01
1610,113.57,235.0
1611,76.35,198.52
1612,203.48,856.53
1613,119.75,115.01
1614,153.94,535.8
1615,253.14,552.87
1616,194.56,630.52
1617,90.24,89.02
1618,20.09,99.4
1619,192.54,842.69
1620,79.08,292.59
1621,267.82,494.01
1622,45.83,180.78
1623,270.01,1113.64
1624,240.91,770.95
1625,198.5,707.34
1626,216.66,747.33
1627,299.24,498.96
1628,126.15,283.49
1629,11.56,42.61
1630,172.04,233.05
1631,218.24,327.5
1632,160.86,648.59
1633,272.05,958.54
1634,152.69,657.24
1635,252.35,1121.5
1636,55.16,51.81
1637,39.26,65.33
1638,242.69,954.53
1639,55.74,198.36
1640,101.35,91.4
1641,107.23,412.72
1642,92.82,375.59
1643,100.06,167.35
1644,88.92,385.06
1645,141.69,623.26
1646,175.49,833.46
1647,22.29,100.36
1648,150.64,663.38
1649,115.12,212.12
1650,17.16,74.54
1651,42.07,58.95
1652,123.35,377.74
1653,272.08,696.27
1654,95.6,355.68
1655,233.9,630.15
1656,189.68,245.77
1657,190.72,99.41
1658,82.78,324.94
1659,51.41,202.56
1660,147.38,580.1
1661,27.32,89.2
1662,190.41,440.85
1663,289.63,644.4
1664,12.28,17.16
1665,112.56,63.41
1666,97.34,413.65
1667,57.98,205.56
1668,188.38,305.12
1669,208.36,427.05
1670,39.55,88.04
1671,177.01,221.54
1672,247.33,455.56
1673,87.96,332.07
1674,179.31,362.25
1675,266.5,1327.07
1676,103.48,471.48
1677,108.42,146.14
1678,284.48,1317.69
1679,121.61,185.81
1680,218.42,238.17
1681,220.49,695.34
1682,51.53,110.77
1683,195.51,130.63
1684,263.09,434.38
1685,160.89,115.62
1686,298.41,1038.13
1687,196.42,115.66
1688,207.24,492.3
1689,114.7,339.83
1690,142.84,169.85
1691,208.86,696.84
1692,91.03,316.56
1693,199.08,341.4
1694,182.08,203.43
1695,249.37,242.42
1696,215.91,222.35
1697,35.09,34.32
1698,60.4,84.49
1699,79.64,227.31
1700,61.3,224.69
1701,89.31,60.49
1702,149.41,214.35
1703,280.0,556.56
1704,1.82,6.41
1705,272.16,1159.01
1706,201.04,235.45
1707,27.93,78.28
1708,217.35,207.74
1709,77.51,119.38
1710,296.61,543.42
1711,139.82,132.71
1712,53.24,36.07
1713,87.88,360.94
1714,94.5,361.31
1715,29.4,115.01
1716,14.72,63.8
1717,199.34,252.62
1718,107.9,266.48
1719,186.92,832.38
1720,28.79,119.98
1721,55.68,128.26
1722,288.73,497.55
1723,116.33,503.48
1724,240.17,821.34
1725,239.28,241.37
1726,209.15,159.77
1727,282.8,344.25
1728,125.39,396.03
1729,240.88,855.79
1730,55.2,121.93
1731,108.22,68.14
1732,205.65,878.83
1733,292.06,317.75
1734,276.2,278.47
1735,123.97,87.63
1736,79.22,151.63
1737,211.67,751.57
1738,230.49,713.35
1739,169.94,832.8
1740,201.28,407.06
1741,157.41,574.96
1742,29.48,102.52
1743,75.32,154.85
1744,203.21,453.55
1745,251.87,758.77
1746,296.35,220.94
1747,193.38,233.25
1748,254.8,1104.16
1749,260.96,218.4
1750,148.0,234.43
1751,291.07,211.49
1752,67.59,229.46
1753,121.58,189.36
1754,138.27,567.69
1755,134.98,587.79
1756,134.67,139.27
1757,149.71,515.03
1758,31.69,74.65
1759,167.58,83.92
1760,28.18,90.71
1761,186.1,348.14
1762,152.99,218.9
1763,201.77,963.77
1764,109.64,81.6
1765,67.65,172.17
1766,168.49,554.15
1767,142.47,492.55
1768,215.06,217.88
1769,228.04,341.57
1770,103.07,436.45
1771,289.37,524.9
1772,157.07,574.79
1773,14.69,18.2
1774,42.99,160.17
1775,216.75,212.7
1776,183.64,246.8
1777,279.13,633.08
1778,137.66,552.9
1779,215.32,212.08
1780,124.93,583.4
1781,251.4,791.82
1782,231.87,586.0
1783,197.88,950.39
1784,41.26,113.25
1785,159.58,114.67
1786,280.66,1199.73
1787,145.4,405.3
1788,276.43,358.64
1789,173.99,658.94
1790,39.39,88.36
1791,180.56,807.49
1792,151.73,338.51
1793,293.87,1358.15
1794,228.95,396.35
1795,289.11,1407.16
1796,136.4,150.06
1797,124.41,454.1
1798,224.78,414.74
1799,210.75,921.65
1800,213.85,1007.19
1801,190.14,266.96
1802,187.63,339.16
1803,104.24,367.52
1804,294.42,1008.5
1805,287.54,795.77
1806,208.6,406.92
1807,35.51,74.04
1808,144.63,443.71
1809,200.48,476.87
1810,224.61,962.74
1811,86.49,373.02
1812,242.68,692.19
1813,8.56,9.88
1814,201.41,281.89
1815,225.31,275.83
1816,86.7,141.11
1817,251.98,909.06
1818,89.25,347.29
1819,10.66,44.38
1820,31.64,139.41
1821,222.11,975.46
1822,222.98,674.67
1823,72.04,290.28
1824,239.85,430.38
1825,199.68,932.34
1826,116.88,561.63
1827,292.77,558.3
1828,166.09,92.74
1829,76.15,250.73
1830,234.5,1035.44
1831,249.17,1146.6
1832,211.68,722.75
1833,226.78,671.22
1834,181.41,724.31
1835,289.32,527.66
1836,54.05,193.06
1837,56.91,72.96
1838,154.64,339.8
1839,129.12,387.97
1840,39.89,124.77
1841,77.25,153.54
1842,213.2,255.12
1843,46.96,91.66
1844,16.21,76.12
1845,185.07,643.77
1846,147.67,454.39
1847,108.07,435.32
1848,96.04,143.08
1849,55.98,45.16
1850,152.04,360.59
1851,161.57,147.64
1852,67.14,98.03
1853,100.23,212.85
1854,66.32,257.78
1855,159.62,795.68
1856,247.28,1215.41
1857,3.63,12.74
1858,134.25,613.55
1859,184.5,607.94
1860,287.71,1027.55
1861,96.96,448.12
1862,283.55,634.14
1863,162.53,288.12
1864,273.49,1148.52
1865,113.11,465.18
1866,134.22,93.6
1867,269.59,368.34
1868,154.65,737.21
1869,51.05,245.21
1870,161.85,86.26
1871,20.58,72.37
1872,232.3,1020.33
1873,127.84,123.71
1874,161.79,592.53
1875,292.89,1168.17
1876,194.32,918.92
1877,224.32,267.37
1878,138.31,275.61
1879,27.17,20.22
1880,238.47,718.12
1881,172.91,263.58
1882,78.34,175.96
1883,189.43,463.84
1884,6.05,21.36
1885,160.92,544.94
1886,185.89,725.31
1887,176.1,643.46
1888,22.7,106.15
1889,32.73,132.26
1890,91.1,81.01
1891,229.82,567.55
1892,119.14,413.8
1893,142.72,413.97
1894,41.78,94.4
1895,239.45,707.76
1896,288.08,330.81
1897,203.51,938.95
1898,238.71,902.79
1899,112.57,537.25
1900,166.5,499.14
1901,37.85,19.78
1902,179.4,523.34
1903,284.15,531.68
1904,224.74,1026.15
1905,103.81,244.67
1906,194.13,544.82
1907,49.13,73.38
1908,250.59,344.43
1909,55.23,226.36
1910,255.82,1108.02
1911,279.78,1391.74
1912,138.92,413.08
1913,87.91,70.6
1914,30.36,114.31
1915,146.67,291.7
1916,39.34,135.71
1917,30.91,101.63
1918,270.14,521.38
1919,135.74,444.35
1920,92.4,289.1
1921,170.1,364.05
1922,95.58,232.01
1923,2.44,3.92
1924,67.24,257.47
1925,131.4,562.46
1926,41.16,156.34
1927,263.49,680.55
1928,108.26,202.95
1929,165.95,214.24
1930,182.38,782.06
1931,257.76,291.27
1932,162.05,272.98
1933,266.01,224.53
1934,23.54,13.74
1935,152.65,97.75
1936,174.99,406.52
1937,177.42,812.29
1938,165.93,488.77
1939,299.62,786.34
1940,232.78,499.59
1941,67.77,269.36
1942,220.23,398.51
1943,139.95,391.42
1944,119.64,330.18
1945,199.14,859.47
1946,242.16,790.21
1947,50.59,142.34
1948,134.42,175.57
1949,284.66,987.02
1950,290.35,1106.71
1951,145.57,307.82
1952,66.43,178.99
1953,19.8,42.82
1954,13.8,19.74
1955,272.41,579.04
1956,141.43,360.07
1957,14.88,73.1
1958,97.9,358.98
1959,156.89,664.18
1960,250.63,422.29
1961,163.76,209.99
1962,196.45,421.16
1963,196.35,836.37
1964,155.48,341.04
1965,272.27,768.8
1966,106.52,469.19
1967,146.57,391.27
1968,181.66,501.07
1969,42.55,52.98
1970,24.05,81.67
1971,64.24,86.15
1972,109.3,407.46
1973,36.38,55.9
1974,243.54,911.12
1975,144.97,384.85
1976,64.0,78.44
1977,250.18,150.36
1978,13.9,42.82
1979,49.18,163.91
1980,12.72,39.12
1981,17.72,29.45
1982,54.83,263.85
1983,180.21,547.16
1984,6.57,24.56
1985,198.86,353.09
1986,26.64,67.17
1987,297.84,1311.35
1988,52.0,220.31
1989,180.65,736.29
1990,246.32,324.77
1991,198.23,335.08
1992,217.53,444.2
1993,136.59,431.31
1994,69.71,155.77
1995,33.46,47.2
1996,258.02,714.62
1997,126.52,148.41
1998,29.79,78.69
1999,184.81,124.87
2000,235.38,650.82
2001,36.14,96.5
2002,39.97,128.53
2003,248.43,1126.97
2004,232.69,796.16
2005,157.09,340.37
2006,13.99,40.35
2007,69.62,286.16
2008,237.08,525.27
2009,177.13,679.52
2010,228.7,831.37
2011,30.22,33.32
2012,143.67,222.16
2013,257.86,457.62
2014,263.15,615.48
2015,57.52,212.32
2016,237.04,735.05
2017,36.23,19.29
2018,196.71,707.16
2019,95.45,203.33
2020,47.28,162.27
2021,76.84,334.05
2022,127.64,273.84
2023,83.39,297.1
2024,226.74,535.0
2025,235.35,628.64
2026,111.69,334.75
2027,76.88,144.53
2028,103.96,382.02
2029,221.0,960.8
2030,198.13,765.8
2031,134.53,490.62
2032,49.38,72.34
2033,120.77,244.31
2034,165.62,602.32
2035,212.33,259.75
2036,289.41,151.6
2037,28.24,32.59
2038,277.83,683.24
2039,20.16,30.2
2040,24.93,16.7
2041,115.91,571.44
2042,184.58,525.04
2043,213.77,681.63
2044,283.77,1189.29
2045,192.45,476.39
2046,61.31,211.89
2047,241.37,431.34
2048,11.05,35.34
2049,155.23,239.45
2050,51.68,34.23
2051,72.54,36.36
2052,48.08,239.71
2053,234.12,489.09
2054,119.15,373.82
2055,155.81,594.6
2056,21.52,19.49
2057,86.06,364.37
2058,274.59,567.42
2059,289.02,504.13
2060,182.3,250.73
2061,278.98,861.23
2062,79.07,184.4
2063,32.83,27.11
2064,88.98,423.68
2065,241.08,1158.44
2066,262.96,1093.69
2067,172.89,626.53
2068,289.85,879.48
2069,231.22,903.75
2070,288.41,739.72
2071,138.76,435.81
2072,9.18,9.39
2073,21.2,71.05
2074,298.27,1057.7
2075,69.75,133.97
2076,286.68,809.66
2077,3.91,16.6
2078,75.23,69.1
2079,202.44,849.2
2080,23.73,111.32
2081,143.49,300.03
2082,268.4,459.19
2083,284.19,1015.69
2084,273.07,749.71
2085,60.7,231.23
2086,261.95,374.72
2087,61.63,100.06
2088,185.96,223.52
2089,32.9,152.68
2090,203.07,707.78
2091,184.53,726.88
2092,162.9,112.43
2093,145.21,478.18
2094,148.21,731.29
2095,269.2,1187.03
2096,147.75,728.37
2097,274.89,484.14
2098,67.41,208.63
2099,17.19,70.42
2100,144.02,422.48
2101,151.24,343.58
2102,206.22,265.32
2103,292.98,1067.06
2104,138.56,499.02
2105,4.53,6.56
2106,174.72,343.23
2107,184.22,307.4
2108,165.02,258.61
2109,141.93,462.53
2110,110.41,303.02
2111,63.95,233.62
2112,112.32,487.97
2113,84.61,110.8
2114,40.21,124.31
2115,69.34,65.83
2116,81.71,127.56
2117,130.23,288.33
2118,44.61,214.85
2119,45.71,188.58
2120,53.81,147.88
2121,298.67,1290.93
2122,155.59,582.3
2123,235.81,436.28
2124,169.08,516.58
2125,120.12,433.33
2126,18.95,78.87
2127,143.49,478.45
2128,135.51,271.83
2129,108.93,329.14
2130,279.62,464.09
2131,6.93,7.25
2132,260.34,1258.49
2133,60.49,187.01
2134,195.09,250.77
2135,234.31,491.58
2136,202.28,544.89
2137,221.22,996.23
2138,114.94,205.67
2139,189.88,218.71
2140,51.11,211.33
2141,101.88,340.35
2142,171.92,742.7
2143,22.33,27.44
2144,69.24,133.35
2145,88.12,150.12
2146,193.75,333.37
2147,134.02,587.36
2148,109.59,344.24
2149,289.69,684.52
2150,55.98,33.81
2151,218.6,760.53
2152,282.19,1030.88
2153,24.94,31.2
2154,31.8,25.03
2155,263.73,782.74
2156,8.88,20.3
2157,229.73,200.93
2158,79.47,95.26
2159,196.79,882.53
2160,93.5,150.84
2161,85.97,285.35
2162,40.25,172.0
2163,9.54,33.26
2164,258.25,507.05
2165,143.37,700.71
2166,162.63,280.68
2167,134.01,651.68
2168,209.59,271.77
2169,179.68,600.08
2170,191.12,580.61
2171,157.51,532.05
2172,93.59,193.01
2173,162.36,669.12
2174,133.12,285.68
2175,78.68,146.82
2176,1.03,4.29
2177,254.54,521.17
2178,141.29,75.93
2179,276.7,1317.45
2180,143.64,77.72
2181,129.7,235.81
2182,70.13,37.34
2183,112.72,265.21
2184,168.61,383.82
2185,49.82,190.16
2186,117.53,258.87
2187,79.63,191.12
2188,72.63,286.19
2189,273.08,1128.94
2190,205.71,366.38
2191,223.14,923.72
2192,124.46,540.24
2193,55.54,100.15
2194,191.43,627.85
2195,82.37,272.02
2196,57.15,33.56
2197,15.84,46.05
2198,56.6,54.35
2199,81.49,303.01
2200,218.41,338.02
2201,46.05,125.31
2202,103.23,196.35
2203,240.04,1198.0
2204,139.64,567.14
2205,99.74,428.48
2206,285.54,214.78
2207,232.92,191.28
2208,141.57,193.22
2209,252.62,1055.35
2210,248.65,260.79
2211,230.68,373.78
2212,231.6,577.45
2213,221.55,144.18
2214,138.79,550.92
2215,156.82,771.48
2216,142.37,507.76
2217,94.32,184.28
2218,189.12,130.46
2219,281.29,800.04
2220,76.74,258.87
2221,60.42,271.52
2222,259.23,383.67
2223,34.77,116.41
2224,98.03,122.84
2225,83.55,86.76
2226,236.95,128.0
2227,13.56,54.59
2228,143.11,455.51
2229,112.05,101.14
2230,48.15,43.88
2231,185.97,871.98
2232,299.09,990.91
2233,18.87,64.17
2234,210.7,855.78
2235,38.62,59.75
2236,294.52,1192.37
2237,227.25,937.38
2238,132.18,180.87
2239,207.09,437.32
2240,41.28,187.58
2241,146.11,360.71
2242,89.12,324.1
2243,57.74,77.36
2244,104.95,398.37
2245,83.32,353.37
2246,274.43,822.01
2247,21.59,25.86
2248,89.41,150.66
2249,110.77,55.74
2250,191.77,422.99
2251,56.47,32.99
2252,257.19,1026.72
2253,72.4,271.1
2254,197.83,578.71
2255,116.86,334.02
2256,149.77,446.56
2257,184.3,359.7
2258,192.63,192.07
2259,157.44,125.96
2260,250.72,271.78
2261,262.17,369.49
2262,146.13,138.0
2263,171.73,732.14
2264,197.72,566.7
2265,210.69,348.0
2266,110.54,356.69
2267,22.19,103.98
2268,63.41,171.93
2269,267.04,229.6
2270,240.5,185.94
2271,167.85,792.6
2272,125.37,270.9
2273,212.82,895.2
2274,80.48,54.96
2275,22.05,41.18
2276,283.44,1366.93
2277,30.04,113.05
2278,159.97,216.37
2279,158.33,256.4
2280,187.97,245.31
2281,225.01,532.9
2282,32.55,109.82
2283,108.03,277.02
2284,199.91,894.14
2285,50.88,66.74
2286,121.07,244.42
2287,48.29,241.11
2288,133.46,278.33
2289,95.23,472.49
2290,98.07,213.08
2291,229.49,559.42
2292,218.03,705.95
2293,169.38,247.75
2294,229.95,1073.33
2295,76.97,371.57
2296,134.8,308.28
2297,218.17,1074.12
2298,179.13,506.8
2299,298.03,553.83
2300,90.8,136.06
2301,256.86,153.51
2302,246.76,889.26
2303,83.51,249.82
2304,167.34,780.92
2305,47.26,31.66
2306,107.34,120.53
2307,110.76,345.54
2308,70.67,293.27
2309,28.48,65.48
2310,275.45,1047.87
2311,217.35,884.19
2312,52.7,222.17
2313,207.19,640.85
2314,272.39,865.8
2315,90.82,344.08
2316,173.31,147.86
2317,17.72,70.33
2318,105.03,438.72
2319,125.54,553.03
2320,261.07,396.89
2321,196.18,629.81
2322,4.42,17.67
2323,115.36,215.9
2324,13.31,38.99
2325,45.72,126.22
2326,67.02,48.75
2327,219.74,498.36
2328,134.24,426.63
2329,151.91,227.77
2330,87.65,199.36
2331,40.52,35.31
2332,171.86,124.07
2333,120.36,106.26
2334,151.05,601.51
2335,39.98,44.25
2336,168.23,453.44
2337,196.02,270.99
2338,185.18,705.63
2339,74.63,61.38
2340,233.25,456.09
2341,277.32,250.47
2342,201.85,485.64
2343,105.14,204.32
2344,178.57,108.74
2345,92.14,455.58
2346,185.25,918.05
2347,133.22,154.03
2348,14.42,60.3
2349,60.71,132.48
2350,227.56,987.03
2351,34.6,25.79
2352,284.73,1329.77
2353,260.76,1092.74
2354,5.11,18.51
2355,34.27,86.54
2356,7.8,11.24
2357,161.86,229.37
2358,157.46,262.01
2359,145.42,550.36
2360,43.26,157.66
2361,6.5,20.3
2362,199.39,138.71
2363,51.93,92.33
2364,236.97,777.46
2365,16.87,58.14
2366,3.49,7.85
2367,82.12,355.94
2368,198.37,870.7
2369,6.7,29.5
2370,195.17,300.61
2371,114.83,562.06
2372,30.78,59.08
2373,260.17,752.42
2374,56.74,156.2
2375,137.94,643.98
2376,7.43,11.99
2377,159.3,318.77
2378,118.63,143.13
2379,104.69,218.13
2380,187.94,293.74
2381,293.5,808.78
2382,243.76,808.32
2383,263.72,1188.54
2384,244.64,154.76
2385,166.93,293.94
2386,46.36,210.35
2387,197.42,176.71
2388,115.28,555.96
2389,184.12,610.33
2390,69.0,109.13
2391,46.67,227.16
2392,273.01,541.05
2393,163.13,233.34
2394,42.43,124.58
2395,240.23,1052.6
2396,93.39,343.03
2397,157.62,174.74
2398,298.71,1460.99
2399,44.4,208.62
2400,275.22,530.83
2401,167.64,799.43
2402,36.4,70.22
2403,264.01,995.81
2404,229.87,1025.36
2405,124.8,293.36
2406,133.46,627.52
2407,268.34,1261.1
2408,82.87,331.98
2409,32.92,43.83
2410,228.97,745.05
2411,80.79,246.55
2412,70.04,108.2
2413,206.53,437.16
2414,206.75,546.79
2415,151.2,487.05
2416,213.89,466.88
2417,255.79,693.58
2418,42.12,57.69
2419,10.64,41.93
2420,5.49,9.41
2421,124.5,478.16
2422,296.48,1159.24
2423,20.77,97.04
2424,295.7,1301.7
2425,147.49,289.38
2426,137.81,221.95
2427,122.06,84.0
2428,220.86,488.47
2429,94.56,307.49
2430,223.0,707.38
2431,158.04,701.86
2432,236.29,671.75
2433,136.03,574.26
2434,13.68,68.14
2435,156.09,355.92
2436,220.82,664.59
2437,155.32,518.45
2438,15.74,28.49
2439,120.01,224.48
2440,248.46,640.05
2441,127.32,414.95
2442,17.31,48.92
2443,43.53,184.33
2444,136.06,510.48
2445,34.84,139.51
2446,281.41,1022.23
2447,41.46,97.89
2448,135.81,177.23
2449,177.5,657.97
2450,61.38,156.28
2451,75.77,273.74
2452,272.24,1111.88
2453,215.79,227.86
2454,35.14,88.63
2455,109.52,312.92
2456,115.84,470.29
2457,153.99,735.13
2458,114.22,252.74
2459,230.71,1062.45
2460,170.08,589.82
2461,45.88,202.32
2462,54.48,201.81
2463,126.45,239.35
2464,230.82,578.93
2465,188.31,193.77
2466,40.34,56.99
2467,187.15,306.74
2468,138.13,600.78
2469,163.51,85.99
2470,264.93,416.06
2471,177.07,467.59
2472,123.64,106.0
2473,180.43,288.91
2474,164.66,541.56
2475,167.71,706.67
2476,15.63,18.24
2477,196.33,130.61
2478,256.29,897.4
2479,251.57,463.64
2480,276.2,199.04
2481,125.67,163.64
2482,201.96,656.35
2483,207.76,660.13
2484,236.4,306.94
2485,137.15,425.9
2486,279.51,256.89
2487,90.49,195.33
2488,114.3,91.95
2489,128.77,383.36
2490,88.56,97.9
2491,208.69,362.05
2492,158.59,453.71
2493,209.05,680.3
2494,33.68,127.44
2495,189.06,934.4
2496,145.62,524.08
2497,280.23,1383.85
2498,86.87,281.44
2499,95.63,273.91
2500,298.51,624.58
2501,39.78,120.61
2502,156.39,522.87
2503,148.26,194.16
2504,183.21,675.8
2505,293.8,148.99
2506,8.17,27.08
2507,36.26,156.51
2508,240.07,1199.26
2509,124.8,249.86
2510,168.56,567.84
2511,4.38,6.16
2512,85.21,345.6
2513,93.02,258.61
2514,97.85,51.62
2515,206.06,419.56
2516,217.59,711.95
2517,9.71,12.53
2518,99.82,201.71
2519,202.07,934.12
2520,239.38,815.19
2521,144.97,481.65
2522,267.73,780.8
2523,101.2,407.63
2524,124.77,479.32
2525,250.7,463.05
2526,217.76,418.05
2527,161.23,231.72
2528,205.96,844.01
2529,266.52,557.34
2530,290.91,512.6
2531,10.32,50.84
2532,188.33,808.09
2533,171.72,386.89
2534,178.96,785.75
2535,225.71,829.19
2536,95.04,61.05
2537,124.75,341.41
2538,72.06,182.57
2539,285.27,420.1
2540,91.39,91.85
2541,235.7,942.81
2542,274.09,684.4
2543,8.46,22.6
2544,150.52,204.1
2545,277.17,1052.13
2546,157.56,628.65
2547,43.85,193.95
2548,246.82,1165.26
2549,203.34,223.11
2550,217.65,558.74
2551,214.39,611.13
2552,2.23,10.47
2553,206.43,655.27
2554,27.04,70.33
2555,14.8,42.07
2556,198.04,377.5
2557,173.69,330.82
2558,267.75,520.5
2559,58.57,102.2
2560,96.43,239.63
2561,36.18,42.4
2562,82.82,47.1
2563,187.26,526.81
2564,62.77,130.34
2565,96.23,109.41
2566,211.6,375.53
2567,74.2,60.89
2568,184.37,373.22
2569,133.65,145.05
2570,141.75,501.76
2571,32.67,24.24
2572,128.51,167.76
2573,179.24,567.73
2574,251.02,915.51
2575,185.28,353.14
2576,245.42,910.03
2577,201.59,584.75
2578,292.13,1139.55
2579,140.24,153.29
2580,244.04,1132.0
2581,141.01,359.59
2582,205.66,760.11
2583,140.15,216.2
2584,67.91,297.1
2585,185.47,854.62
2586,118.23,431.33
2587,199.89,809.46
2588,264.84,672.63
2589,10.05,26.52
2590,106.08,273.22
2591,52.07,205.98
2592,181.73,195.05
2593,31.78,132.81
2594,239.23,470.43
2595,195.19,793.63
2596,160.29,369.26
2597,124.62,410.49
2598,164.84,804.83
2599,115.76,235.36
2600,244.36,772.02
2601,235.51,579.14
2602,236.41,697.5
2603,71.61,249.33
2604,24.29,113.89
2605,172.68,464.48
2606,178.06,459.94
2607,166.97,701.12
2608,53.68,257.74
2609,21.81,21.58
2610,244.41,970.56
2611,114.29,311.36
2612,198.39,180.02
2613,245.29,1102.01
2614,271.07,911.5
2615,1.06,1.23
2616,45.62,131.87
2617,117.6,364.64
2618,59.5,212.23
2619,95.66,293.32
2620,274.05,512.6
2621,283.06,695.27
2622,294.79,604.08
2623,27.7,14.86
2624,295.94,686.25
2625,39.14,71.38
2626,111.4,330.86
2627,16.89,61.9
2628,246.41,521.55
2629,258.51,1136.3
2630,71.34,261.1
2631,118.89,229.64
2632,115.45,255.96
2633,163.99,570.88
2634,142.99,192.61
2635,115.99,540.53
2636,252.15,301.12
2637,299.24,1051.92
2638,41.15,33.86
2639,5.7,21.35
2640,146.52,361.22
2641,297.08,261.72
2642,193.03,457.74
2643,137.35,556.29
2644,181.72,438.98
2645,54.76,152.91
2646,166.06,419.34
2647,107.24,143.28
2648,181.77,563.62
2649,254.19,397.9
2650,151.02,354.71
2651,164.3,353.47
2652,293.49,897.1
2653,211.76,213.72
2654,144.98,522.98
2655,43.48,164.82
2656,295.09,1453.76
2657,233.88,606.27
2658,24.39,109.87
2659,27.45,72.08
2660,222.76,1074.12
2661,24.35,81.61
2662,239.63,456.79
2663,16.78,34.33
2664,233.78,610.14
2665,154.29,402.94
2666,220.41,527.79
2667,288.21,1179.36
2668,87.47,57.64
2669,276.94,1072.43
2670,218.36,663.09
2671,19.36,50.9
2672,51.55,37.75
2673,297.12,1230.09
2674,187.67,336.06
2675,25.67,71.24
2676,255.58,447.35
2677,40.63,71.69
2678,257.5,145.21
2679,34.35,44.17
2680,177.94,209.99
2681,134.55,556.4
2682,79.11,289.03
2683,145.99,598.15
2684,258.74,528.56
2685,26.24,30.25
2686,280.25,334.53
2687,149.29,742.14
2688,231.34,363.38
2689,132.62,446.81
2690,64.05,243.69
2691,104.18,353.19
2692,226.89,231.88
2693,51.11,117.26
2694,91.11,351.47
2695,225.98,654.52
2696,114.56,421.03
2697,142.9,164.79
2698,261.21,144.55
2699,278.24,701.08
2700,203.87,984.27
2701,205.18,140.46
2702,275.4,927.66
2703,286.9,700.91
2704,275.49,1201.85
2705,101.16,172.16
2706,30.38,104.65
2707,117.95,469.34
2708,224.98,855.92
2709,177.03,243.8
2710,101.88,367.41
2711,54.8,162.44
2712,202.17,857.73
2713,4.58,4.3
2714,32.07,80.39
2715,66.61,118.22
2716,58.73,35.63
2717,28.49,134.57
2718,197.33,840.54
2719,285.2,961.52
2720,212.71,221.2
2721,257.08,278.82
2722,197.26,897.44
2723,170.25,826.09
2724,268.9,976.23
2725,76.75,199.65
2726,280.92,947.97
2727,276.89,482.82
2728,128.67,587.41
2729,231.19,452.05
2730,49.43,41.17
2731,233.35,518.64
2732,100.46,77.38
2733,286.73,484.86
2734,132.73,360.06
2735,278.65,904.6
2736,54.35,147.52
2737,44.02,174.28
2738,66.3,225.09
2739,273.87,1018.61
2740,31.88,26.4
2741,171.83,279.68
2742,134.32,609.05
2743,45.51,153.89
2744,279.94,977.19
2745,80.66,294.43
2746,271.48,837.76
2747,155.1,733.56
2748,147.71,363.7
2749,253.37,1017.08
2750,235.83,691.12
2751,1.99,9.54
2752,245.58,655.53
2753,170.61,803.18
2754,108.32,386.51
2755,120.78,404.04
2756,287.69,261.22
2757,160.85,775.97
2758,25.06,64.36
2759,230.19,786.11
2760,53.81,36.43
2761,115.86,157.51
2762,209.07,947.94
2763,189.55,401.22
2764,26.37,88.28
2765,220.86,249.52
2766,58.73,219.58
2767,178.29,481.66
2768,19.83,58.15
2769,93.01,269.98
2770,250.44,631.58
2771,298.75,199.17
2772,17.76,71.84
2773,13.8,14.24
2774,242.32,848.83
2775,138.05,490.26
2776,262.4,307.08
2777,174.22,812.16
2778,12.03,13.68
2779,196.5,514.93
2780,275.49,194.53
2781,210.69,229.11
2782,52.5,38.05
2783,92.89,378.21
2784,137.4,174.24
2785,177.72,742.89
2786,32.79,89.75
2787,239.95,358.14
2788,241.53,584.01
2789,243.64,1198.68
2790,203.84,399.33
2791,292.78,905.23
2792,42.06,179.34
2793,238.14,938.04
2794,178.33,358.4
2795,37.1,42.13
2796,125.13,454.64
2797,166.47,411.84
2798,277.78,189.76
2799,30.89,133.23
2800,184.12,736.38
2801,5.67,15.26
2802,2.9,3.79
2803,27.65,94.92
2804,266.19,631.67
2805,242.42,963.99
2806,208.02,296.99
2807,192.31,548.83
2808,124.2,586.4
2809,183.55,122.85
2810,54.82,150.73
2811,285.14,947.34
2812,234.99,485.33
2813,2.37,3.7
2814,36.13,104.27
2815,29.61,63.03
2816,228.58,669.45
2817,66.56,264.01
2818,198.14,345.54
2819,58.92,240.67
2820,205.89,1000.33
2821,142.85,184.77
2822,201.37,139.75
2823,193.81,345.52
2824,130.97,262.51
2825,241.74,945.89
2826,13.95,53.45
2827,277.53,358.43
2828,235.86,632.76
2829,35.7,161.64
2830,216.7,686.33
2831,98.47,137.3
2832,203.38,399.76
2833,233.91,460.24
2834,30.32,115.82
2835,261.1,571.78
2836,66.98,175.45
2837,145.84,657.33
2838,44.34,207.31
2839,137.04,307.38
2840,41.78,156.22
2841,189.97,928.95
2842,61.46,65.91
2843,207.97,159.81
2844,41.81,181.14
2845,138.12,175.47
2846,103.73,465.63
2847,181.49,735.57
2848,191.76,623.58
2849,51.81,252.09
2850,256.65,228.2
2851,257.24,694.92
2852,298.7,944.52
2853,251.26,441.28
2854,219.28,836.07
2855,74.75,147.47
2856,174.26,786.47
2857,177.94,208.25
2858,172.54,90.21
2859,294.08,200.05
2860,141.73,561.07
2861,11.05,31.94
2862,144.3,590.34
2863,246.57,625.3
2864,72.91,219.69
2865,4.71,17.87
2866,285.03,312.74
2867,89.44,305.38
2868,28.13,74.8
2869,92.15,337.72
2870,257.52,994.75
2871,8.3,21.14
2872,231.78,1027.69
2873,122.2,495.44
2874,111.76,289.38
2875,190.39,832.33
2876,22.14,100.08
2877,100.54,65.07
2878,128.34,219.98
2879,283.88,834.88
2880,238.55,964.84
2881,25.21,112.53
2882,220.99,165.0
2883,283.65,1002.97
2884,266.51,266.34
2885,110.31,362.49
2886,110.31,142.16
2887,168.08,134.72
2888,213.09,302.84
2889,294.39,463.32
2890,34.95,92.73
2891,281.81,876.58
2892,287.77,415.56
2893,223.76,338.88
2894,106.46,181.31
2895,204.39,357.1
2896,19.95,40.97
2897,146.38,420.12
2898,37.69,139.23
2899,203.81,590.61
2900,88.39,291.18
2901,240.17,1141.8
2902,242.83,1149.54
2903,20.62,93.07
2904,137.9,118.7
2905,269.49,484.46
2906,287.03,284.77
2907,83.51,303.71
2908,149.4,662.96
2909,156.69,520.64
2910,88.66,431.16
2911,162.89,178.22
2912,104.66,261.37
2913,193.76,351.06
2914,19.82,87.67
2915,70.47,335.69
2916,193.76,455.84
2917,103.49,352.61
2918,98.57,312.48
2919,209.36,897.86
2920,134.13,250.6
2921,40.45,163.91
2922,52.35,87.43
2923,145.79,709.74
2924,231.16,164.8
2925,106.58,271.96
2926,50.74,236.38
2927,213.83,381.39
2928,291.99,1248.84
2929,208.16,728.27
2930,46.89,73.64
2931,13.3,25.6
2932,38.82,64.9
2933,56.16,170.23
2934,11.37,21.9
2935,103.81,226.11
2936,162.42,200.05
2937,91.17,423.21
2938,121.96,335.07
2939,44.47,113.9
2940,96.75,50.24
2941,221.81,1084.7
2942,100.05,367.64
2943,142.7,257.46
2944,283.26,1391.69
2945,172.54,200.47
2946,170.0,778.76
2947,133.19,479.64
2948,219.76,1000.08
2949,42.69,127.19
2950,93.12,214.86
2951,252.42,632.79
2952,28.65,21.42
2953,192.75,602.43
2954,67.42,317.58
2955,84.1,50.58
2956,161.99,405.71
2957,201.8,180.25
2958,154.02,211.78
2959,96.01,309.43
2960,283.08,1298.77
2961,108.96,127.02
2962,256.29,554.44
2963,112.48,200.32
2964,106.06,519.57
2965,262.42,234.65
2966,218.63,546.35
2967,297.79,1225.88
2968,87.3,360.16
2969,291.14,700.85
2970,269.03,303.48
2971,176.57,156.68
2972,63.13,166.4
2973,260.39,1286.29
2974,20.77,100.12
2975,227.08,203.92
2976,123.43,569.61
2977,124.94,374.97
2978,213.36,831.8
2979,41.94,56.07
2980,115.15,344.57
2981,13.63,57.49
2982,250.54,467.91
2983,168.23,434.96
2984,9.03,4.61
2985,79.54,381.96
2986,250.44,657.76
2987,196.49,887.56
2988,125.73,341.17
2989,206.67,330.96
2990,36.69,64.11
2991,298.31,238.73
2992,223.92,697.47
2993,170.11,749.77
2994,188.77,498.76
2995,208.58,216.53
2996,154.25,476.43
2997,253.74,312.81
2998,18.49,35.84
2999,263.62,292.55
3000,49.83,86.06
3001,126.43,582.14
3002,107.44,193.86
3003,159.35,751.08
3004,154.65,610.71
3005,55.79,51.62
3006,226.04,666.07
3007,261.86,1105.23
3008,205.81,381.74
3009,205.95,740.92
3010,29.65,92.22
3011,247.17,137.93
3012,155.93,339.7
3013,145.98,296.55
3014,273.33,262.64
3015,47.21,70.58
3016,57.34,260.14
3017,184.42,782.19
3018,158.17,457.81
3019,165.78,647.1
3020,35.08,90.23
3021,23.84,99.77
3022,277.1,736.49
3023,94.16,200.71
3024,245.29,1104.73
3025,179.7,707.33
3026,103.27,381.53
3027,9.6,39.99
3028,67.48,293.92
3029,43.57,66.21
3030,38.48,41.79
3031,24.5,88.41
3032,235.42,200.06
3033,232.63,909.12
3034,13.71,13.51
3035,238.12,669.27
3036,18.72,19.38
3037,76.65,61.18
3038,200.61,781.47
3039,234.93,1090.18
3040,62.41,284.3
3041,56.25,117.11
3042,28.14,121.18
3043,282.61,1347.93
3044,105.0,128.36
3045,150.69,569.38
3046,73.3,224.74
3047,30.63,95.0
3048,5.18,7.65
3049,58.27,103.04
3050,270.6,789.36
3051,292.1,275.77
3052,64.99,179.95
3053,212.62,456.94
3054,177.22,439.24
3055,287.37,377.55
3056,107.09,236.48
3057,65.07,99.17
3058,34.74,171.29
3059,37.96,37.82
3060,41.64,163.65
3061,211.71,636.63
3062,13.14,25.97
3063,35.6,63.23
3064,180.52,343.72
3065,292.88,731.56
3066,166.62,301.19
3067,256.75,346.49
3068,21.81,93.45
3069,143.23,509.34
3070,54.61,272.74
3071,148.0,144.04
3072,131.98,457.11
3073,26.42,30.25
3074,120.79,381.4
3075,31.41,146.49
3076,293.38,232.12
3077,292.59,592.16
3078,178.89,886.93
3079,37.71,161.08
3080,217.83,381.93
3081,214.33,668.42
3082,82.62,334.84
3083,193.51,445.28
3084,143.27,460.5
3085,121.93,326.82
3086,84.39,333.85
3087,33.3,54.22
3088,149.68,498.09
3089,41.25,39.11
3090,16.8,13.56
3091,203.75,993.14
3092,115.41,410.45
3093,46.67,153.96
3094,29.8,25.16
3095,225.73,892.55
3096,238.03,335.31
3097,198.97,538.44
3098,79.24,162.15
3099,258.04,763.74
3100,285.82,183.55
3101,129.69,598.81
3102,115.71,221.64
3103,113.52,291.57
3104,10.83,32.54
3105,258.25,481.3
3106,212.11,575.17
3107,41.21,153.33
3108,146.75,145.61
3109,202.83,703.89
3110,205.93,633.22
3111,143.3,622.58
3112,152.5,344.84
3113,148.91,725.03
3114,185.46,387.14
3115,293.36,569.76
3116,9.42,6.62
3117,251.24,520.05
3118,222.88,138.42
3119,267.51,544.56
3120,30.11,61.82
3121,107.85,224.4
3122,198.71,320.77
3123,194.78,616.75
3124,273.21,217.13
3125,92.17,186.11
3126,6.89,13.56
3127,138.81,608.7
3128,170.85,778.45
3129,80.72,293.16
3130,176.81,872.72
3131,113.94,257.09
3132,172.19,712.43
3133,30.92,109.39
3134,101.45,280.25
3135,229.71,465.84
3136,184.83,394.61
3137,131.36,359.44
3138,254.35,1028.13
3139,252.27,734.42
3140,86.92,62.05
3141,298.87,690.13
3142,68.54,263.4
3143,28.5,122.52
3144,29.33,59.12
3145,21.11,86.66
3146,143.11,206.63
3147,238.9,819.88
3148,91.25,375.82
3149,130.44,382.16
3150,60.82,140.52
3151,187.86,477.08
3152,229.27,300.96
3153,6.56,24.04
3154,258.95,801.66
3155,64.67,312.33
3156,222.92,580.22
3157,281.21,814.73
3158,184.71,731.64
3159,130.68,398.25
3160,188.4,536.98
3161,109.92,128.04
3162,45.99,164.82
3163,90.78,223.25
3164,96.28,407.84
3165,20.26,28.69
3166,124.32,522.98
3167,194.17,321.16
3168,180.77,420.54
3169,34.95,47.66
3170,74.43,314.28
3171,139.78,422.03
3172,131.4,448.23
3173,12.06,14.68
3174,41.79,69.49
3175,241.26,835.73
3176,53.62,232.51
3177,289.17,776.79
3178,6.95,30.36
3179,26.09,83.68
3180,260.28,1184.95
3181,122.7,262.02
3182,197.57,179.07
3183,283.01,1063.85
3184,43.03,43.19
3185,220.61,1036.47
3186,157.07,664.47
3187,284.95,1336.99
3188,76.29,341.82
3189,72.18,75.81
3190,242.2,479.99
3191,175.71,396.19
3192,224.76,351.01
3193,127.44,146.46
3194,53.37,259.63
3195,132.4,217.72
3196,177.25,479.75
3197,113.04,539.11
3198,95.63,230.18
3199,205.14,991.84
3200,263.95,1244.89
3201,109.54,407.55
3202,246.59,146.68
3203,290.07,935.81
3204,252.6,879.05
3205,282.31,1018.59
3206,236.85,373.88
3207,166.27,314.53
3208,287.59,613.39
3209,243.86,255.87
3210,260.22,1134.41
3211,117.15,538.19
3212,118.5,580.76
3213,77.4,70.13
3214,246.99,385.2
3215,63.91,287.99
3216,274.85,918.3
3217,263.96,1042.73
3218,122.48,79.91
3219,260.07,1093.44
3220,282.21,739.37
3221,124.48,533.43
3222,215.5,957.99
3223,246.25,1036.66
3224,209.85,583.07
3225,106.21,340.88
3226,244.21,932.89
3227,136.53,85.07
3228,16.58,56.16
3229,189.42,768.97
3230,41.69,96.01
3231,188.86,361.05
3232,25.59,30.97
3233,155.39,755.74
3234,249.36,981.04
3235,254.24,911.68
3236,238.0,461.08
3237,144.03,548.51
3238,78.94,283.68
3239,248.2,1017.09
3240,60.4,142.86
3241,55.38,246.1
3242,283.48,1269.86
3243,68.12,324.69
3244,277.01,945.15
3245,188.36,862.84
3246,292.26,406.88
3247,210.68,265.33
3248,120.91,293.82
3249,78.79,70.97
3250,111.01,528.7
3251,36.09,134.75
3252,131.11,608.34
3253,136.66,482.58
3254,36.44,135.23
3255,57.97,253.83
3256,234.85,421.75
3257,148.76,161.54
3258,257.04,822.62
3259,298.57,529.47
3260,203.48,484.79
3261,123.15,142.45
3262,87.77,147.29
3263,185.69,851.01
3264,111.52,399.15
3265,137.99,75.4
3266,40.83,79.81
3267,208.21,747.65
3268,214.29,790.31
3269,221.1,365.48
3270,29.49,22.54
3271,100.53,156.5
3272,272.56,1358.8
3273,281.86,1367.71
3274,179.87,695.57
3275,14.61,23.98
3276,186.28,346.72
3277,119.01,258.14
3278,290.45,876.58
3279,174.57,291.76
3280,151.62,710.56
3281,263.49,288.16
3282,95.88,276.8
3283,43.4,44.52
3284,14.2,15.27
3285,261.63,1113.66
3286,224.6,1048.45
3287,85.59,380.55
3288,184.27,723.64
3289,79.86,152.42
3290,267.91,514.37
3291,298.37,1174.55
3292,46.23,200.58
3293,197.57,808.45
3294,16.91,19.76
3295,69.73,46.12
3296,78.81,289.77
3297,131.49,654.61
3298,278.23,190.19
3299,107.6,397.11
3300,146.07,397.08
3301,253.91,1117.45
3302,37.97,34.97
3303,260.58,342.13
3304,51.32,143.15
3305,82.56,372.27
3306,176.12,550.54
3307,291.52,835.81
3308,171.67,407.52
3309,23.97,94.85
3310,203.4,913.91
3311,8.76,31.24
3312,204.51,465.01
3313,177.51,848.58
3314,251.26,299.5
3315,25.24,106.97
3316,198.2,504.07
3317,286.61,909.68
3318,2.74,13.33
3319,197.2,942.43
3320,98.15,372.18
3321,220.56,1060.52
3322,171.18,248.41
3323,15.56,52.85
3324,97.63,73.21
3325,22.15,105.96
3326,115.04,264.0
3327,54.23,262.62
3328,259.79,234.16
3329,255.85,315.52
3330,234.07,417.16
3331,226.02,778.25
3332,37.06,100.39
3333,130.28,537.87
3334,93.72,335.74
3335,40.25,140.67
3336,249.78,701.12
3337,147.4,660.99
3338,143.46,435.22
3339,127.5,497.79
3340,243.49,794.36
3341,130.8,316.15
3342,13.09,26.68
3343,139.59,210.65
3344,206.18,246.97
3345,149.1,496.95
3346,157.88,285.47
3347,131.77,603.83
3348,143.81,168.07
3349,39.21,178.92
3350,252.62,720.96
3351,89.35,63.87
3352,23.88,16.79
3353,33.18,80.03
3354,29.25,101.61
3355,170.97,280.43
3356,77.2,67.01
3357,151.53,153.46
3358,198.81,260.04
3359,55.48,125.85
3360,25.9,115.14
3361,90.0,282.82
3362,137.04,481.86
3363,187.52,317.44
3364,290.05,1282.33
3365,56.97,75.93
3366,224.36,722.04
3367,261.61,255.98
3368,160.78,84.62
3369,35.89,45.68
3370,143.66,519.06
3371,260.77,1263.72
3372,180.96,486.83
3373,185.93,907.83
3374,108.86,384.51
3375,207.4,472.35
3376,91.49,97.24
3377,5.15,5.17
3378,5.75,27.99
3379,257.84,371.68
3380,194.94,667.44
3381,131.3,435.56
3382,237.21,322.4
3383,90.97,235.2
3384,142.72,85.37
3385,50.67,60.09
3386,211.08,1021.08
3387,141.98,620.32
3388,175.98,247.43
3389,171.26,728.24
3390,16.23,8.69
3391,189.49,702.8
3392,293.87,1269.16
3393,221.39,704.3
3394,166.74,301.55
3395,146.76,394.41
3396,177.72,577.9
3397,203.92,851.39
3398,146.88,545.56
3399,158.96,381.35
3400,95.44,75.0
3401,267.97,637.0
3402,142.53,388.62
3403,281.75,580.53
3404,209.56,124.4
3405,87.12,118.91
3406,103.81,160.33
3407,66.69,306.16
3408,102.41,328.68
3409,252.9,874.1
3410,40.22,73.21
3411,213.7,1029.84
3412,250.09,882.56
3413,220.64,900.63
3414,240.13,1032.65
3415,186.93,331.06
3416,225.03,788.0
3417,39.6,55.35
3418,182.12,173.75
3419,125.38,623.38
3420,91.79,132.4
3421,15.07,8.76
3422,264.39,556.99
3423,48.42,204.61
3424,268.44,172.84
3425,20.04,48.85
3426,185.65,193.65
3427,68.0,112.89
3428,102.76,215.65
3429,14.96,66.57
3430,80.98,95.58
3431,207.35,584.57
3432,201.18,740.11
3433,278.06,686.87
3434,137.68,590.26
3435,34.17,33.37
3436,183.56,737.86
3437,284.27,1195.71
3438,13.55,13.2
3439,189.35,836.72
3440,273.38,329.87
3441,88.34,219.69
3442,152.26,578.05
3443,30.69,104.71
3444,101.05,113.17
3445,254.73,630.71
3446,125.31,496.31
3447,74.35,307.89
3448,103.05,285.72
3449,26.48,57.62
3450,226.7,481.26
3451,199.83,236.25
3452,226.3,542.61
3453,69.23,284.39
3454,124.61,291.82
3455,138.17,599.07
3456,238.59,507.72
3457,9.9,11.44
3458,3.97,16.39
3459,283.15,249.6
3460,95.13,467.92
3461,50.13,38.93
3462,228.0,791.34
3463,192.8,879.42
3464,18.29,61.13
3465,214.3,743.97
3466,156.41,286.35
3467,121.2,431.95
3468,166.53,311.32
3469,223.07,1024.23
3470,3.36,5.91
3471,158.81,737.2
3472,210.39,527.63
3473,62.33,183.87
3474,236.71,812.9
3475,209.54,941.79
3476,234.69,544.55
3477,59.99,111.39
3478,12.05,24.16
3479,217.8,834.23
3480,38.68,191.99
3481,85.89,78.82
3482,165.98,472.38
3483,227.36,277.41
3484,9.34,38.15
3485,178.16,282.57
3486,232.47,876.25
3487,296.1,295.21
3488,18.92,41.22
3489,188.47,394.87
3490,15.27,52.37
3491,38.3,70.5
3492,221.32,561.97
3493,294.9,1216.24
3494,296.71,903.54
3495,268.41,892.42
3496,160.45,510.23
3497,105.75,188.28
3498,235.65,875.87
3499,202.06,750.57
3500,156.38,252.45
3501,99.03,309.04
3502,247.03,525.11
3503,30.3,112.18
3504,248.7,216.06
3505,19.6,88.17
3506,143.4,359.61
3507,111.42,319.57
3508,176.88,501.5
3509,119.04,200.78
3510,150.15,361.17
3511,132.58,621.76
3512,147.37,719.13
3513,247.32,284.31
3514,39.01,144.34
3515,39.69,145.68
3516,259.12,267.22
3517,64.58,169.85
3518,224.2,1064.57
3519,111.43,532.99
3520,180.88,423.04
3521,37.14,114.13
3522,13.04,15.52
3523,112.07,555.82
3524,91.67,246.29
3525,237.57,270.74
3526,177.3,127.47
3527,268.38,1207.91
3528,65.46,274.02
3529,147.15,154.58
3530,105.25,464.88
3531,125.85,387.46
3532,170.16,774.45
3533,234.62,619.05
3534,216.29,697.69
3535,228.82,634.16
3536,138.82,350.48
3537,135.27,594.99
3538,98.24,402.7
3539,199.69,467.94
3540,70.61,160.94
3541,162.76,783.1
3542,267.12,1018.16
3543,194.13,853.55
3544,212.46,653.1
3545,239.05,880.49
3546,168.75,178.37
3547,168.25,229.82
3548,185.99,575.8
3549,16.81,51.54
3550,57.63,152.22
3551,269.16,280.27
3552,280.92,367.68
3553,6.67,26.95
3554,74.34,273.22
3555,266.41,665.77
3556,242.27,782.74
3557,121.14,85.09
3558,258.73,156.45
3559,131.67,311.69
3560,258.03,497.54
3561,77.9,79.14
3562,30.7,38.58
3563,44.07,72.72
3564,27.8,52.28
3565,122.78,154.87
3566,184.73,362.77
3567,9.12,6.96
3568,117.59,228.15
3569,124.43,243.76
3570,113.28,478.59
3571,37.17,52.47
3572,225.89,708.65
3573,148.4,576.65
3574,116.13,118.2
3575,19.13,49.58
3576,122.72,328.74
3577,122.84,190.63
3578,265.96,455.12
3579,289.08,1022.75
3580,74.65,223.67
3581,235.78,441.09
3582,122.62,107.61
3583,191.1,270.51
3584,290.41,633.06
3585,295.61,1188.09
3586,161.72,389.24
3587,273.54,692.83
3588,1.3,3.37
3589,248.98,448.57
3590,291.65,146.54
3591,280.12,747.88
3592,179.76,768.96
3593,114.67,238.67
3594,190.03,595.41
3595,153.59,108.23
3596,222.02,673.58
3597,90.89,207.13
3598,37.77,42.62
3599,167.39,294.2
3600,130.16,422.63
3601,287.27,555.11
3602,204.95,418.48
3603,79.15,307.67
3604,136.36,219.09
3605,294.92,600.85
3606,138.48,442.83
3607,5.75,20.78
3608,194.29,98.94
3609,143.48,653.77
3610,202.14,476.9
3611,268.69,984.71
3612,228.98,668.99
3613,236.4,808.71
3614,24.18,15.46
3615,249.79,879.83
3616,202.0,421.87
3617,244.02,1030.64
3618,108.03,140.15
3619,230.62,838.68
3620,3.52,9.09
3621,280.94,702.52
3622,67.23,39.6
3623,85.06,395.21
3624,107.99,97.71
3625,184.42,343.81
3626,215.63,335.12
3627,148.65,317.14
3628,84.95,388.25
3629,212.38,306.02
3630,59.63,250.15
3631,119.43,527.24
3632,171.16,466.08
3633,165.98,575.83
3634,170.15,607.56
3635,169.98,134.98
3636,39.35,31.19
3637,78.63,240.97
3638,69.16,197.37
3639,234.89,320.23
3640,203.72,1011.22
3641,208.2,603.41
3642,76.62,231.43
3643,136.72,645.39
3644,192.65,913.9
3645,16.51,78.0
3646,130.33,648.78
3647,82.94,295.33
3648,140.51,298.81
3649,227.95,1020.56
3650,68.14,119.29
3651,126.6,319.02
3652,2.54,3.49
3653,25.46,78.24
3654,8.59,32.8
3655,293.45,706.39
3656,23.26,37.8
3657,50.18,95.27
3658,188.17,175.99
3659,144.51,597.73
3660,178.17,591.23
3661,100.96,164.25
3662,33.24,52.27
3663,102.9,76.66
3664,100.74,410.36
3665,283.12,1129.9
3666,186.25,733.54
3667,187.98,583.72
3668,26.57,20.54
3669,10.97,20.95
3670,254.46,201.69
3671,39.13,181.41
3672,133.13,247.17
3673,188.23,149.84
3674,203.59,614.16
3675,89.18,197.67
3676,29.65,115.16
3677,70.7,226.11
3678,198.26,108.59
3679,115.79,472.22
3680,264.1,867.97
3681,102.55,483.95
3682,235.1,597.94
3683,99.13,135.43
3684,31.7,100.75
3685,21.2,85.91
3686,58.89,181.35
3687,191.57,316.72
3688,126.88,477.17
3689,133.94,213.53
3690,239.31,184.8
3691,94.19,231.83
3692,287.96,1121.51
3693,94.05,421.67
3694,232.87,270.91
3695,93.29,190.6
3696,111.28,59.69
3697,176.35,626.46
3698,18.14,50.47
3699,250.72,1094.18
3700,127.2,175.45
3701,60.91,279.47
3702,235.79,480.3
3703,200.69,727.81
3704,294.6,942.4
3705,100.01,310.32
3706,288.96,945.61
3707,126.19,155.25
3708,136.84,554.39
3709,13.62,20.26
3710,2.11,3.17
3711,69.85,231.04
3712,72.47,275.79
3713,285.82,569.3
3714,222.28,316.51
3715,56.09,277.9
3716,109.48,91.06
3717,9.98,10.16
3718,87.88,120.82
3719,176.12,694.78
3720,14.13,8.95
3721,60.15,77.21
3722,265.73,992.44
3723,102.61,307.34
3724,54.38,32.45
3725,253.02,1163.37
3726,7.28,25.83
3727,114.3,462.16
3728,34.18,161.07
3729,92.22,145.77
3730,243.04,844.34
3731,282.41,1382.95
3732,299.31,1337.16
3733,263.64,209.38
3734,44.19,205.87
3735,238.67,325.2
3736,114.08,249.17
3737,180.27,882.68
3738,74.12,52.47
3739,185.19,250.18
3740,161.11,653.0
3741,98.98,73.21
3742,238.89,1057.76
3743,255.6,1241.64
3744,265.86,383.26
3745,25.34,66.34
3746,199.39,157.9
3747,153.08,594.09
3748,193.88,541.16
3749,150.08,388.59
3750,97.23,212.2
3751,208.66,776.3
3752,148.94,254.32
3753,120.88,561.53
3754,175.61,116.73
3755,66.64,94.2
3756,259.09,591.13
3757,92.49,416.13
3758,171.84,809.32
3759,112.86,336.04
3760,41.16,36.14
3761,133.91,278.81
3762,175.6,455.44
3763,186.72,451.39
3764,140.8,329.51
3765,241.55,465.37
3766,115.33,150.86
3767,70.9,241.35
3768,108.37,94.38
3769,252.94,710.14
3770,193.45,780.85
3771,278.06,262.17
3772,22.33,15.01
3773,60.89,84.33
3774,99.44,185.18
3775,244.85,875.57
3776,83.06,305.28
3777,299.4,1494.85
3778,225.96,865.24
3779,273.8,147.41
3780,90.54,380.3
3781,235.16,544.9
3782,122.32,380.39
3783,196.94,516.77
3784,154.28,605.58
3785,45.64,104.46
3786,68.85,266.53
3787,142.86,403.04
3788,236.01,922.63
3789,217.03,559.14
3790,237.78,453.88
3791,57.17,226.71
3792,209.68,302.6
3793,135.54,408.38
3794,113.04,350.29
3795,39.38,186.86
3796,3.89,16.13
3797,250.46,508.23
3798,126.33,453.01
3799,121.61,486.91
3800,161.74,318.2
3801,7.95,32.07
3802,276.72,329.74
3803,285.84,567.71
3804,189.32,608.38
3805,182.74,804.28
3806,294.07,417.26
3807,117.8,342.23
3808,57.31,56.67
3809,171.28,433.67
3810,268.53,246.94
3811,32.19,96.19
3812,10.59,38.13
3813,147.1,197.13
3814,21.78,105.27
3815,85.86,132.97
3816,198.21,161.52
3817,18.18,51.51
3818,52.38,228.83
3819,123.85,149.44
3820,34.11,99.4
3821,144.0,116.56
3822,286.57,1259.66
3823,39.85,56.81
3824,130.23,481.01
3825,142.96,459.86
3826,281.81,885.93
3827,151.24,541.71
3828,83.36,44.47
3829,43.66,34.4
3830,120.37,497.62
3831,158.23,727.28
3832,263.89,678.44
3833,173.26,661.47
3834,87.09,388.81
3835,137.44,501.85
3836,213.78,393.04
3837,184.3,763.91
3838,53.36,86.5
3839,270.09,1026.23
3840,137.89,634.12
3841,55.85,170.83
3842,118.67,564.35
3843,72.67,321.01
3844,82.86,275.62
3845,88.27,408.1
3846,209.72,786.63
3847,65.96,179.46
3848,297.72,889.5
3849,298.6,252.14
3850,32.46,128.2
3851,98.48,249.08
3852,76.58,212.68
3853,139.19,115.44
3854,208.65,808.27
3855,114.97,443.42
3856,256.88,586.98
3857,4.21,4.28
3858,275.22,542.73
3859,224.85,602.92
3860,21.4,63.51
3861,73.45,350.73
3862,42.94,180.0
3863,252.63,320.25
3864,6.4,6.09
3865,88.95,258.48
3866,117.86,100.08
3867,229.31,813.64
3868,46.9,99.02
3869,65.79,43.09
3870,202.84,298.73
3871,209.33,892.64
3872,243.64,824.61
3873,215.21,976.31
3874,117.79,222.32
3875,16.67,8.68
3876,231.95,916.67
3877,278.72,609.25
3878,72.32,65.9
3879,127.08,629.28
3880,101.8,138.92
3881,201.02,300.03
3882,264.8,1082.01
3883,249.3,312.99
3884,50.95,120.78
3885,33.2,65.47
3886,169.05,228.72
3887,62.93,184.87
3888,281.74,294.03
3889,64.92,136.63
3890,52.91,122.2
3891,95.56,215.14
3892,138.17,110.13
3893,244.71,838.07
3894,111.33,89.4
3895,66.35,123.21
3896,180.06,886.61
3897,31.44,91.58
3898,297.17,1285.88
3899,52.27,251.71
3900,180.36,886.72
3901,209.2,742.78
3902,291.74,1056.61
3903,100.28,336.85
3904,265.31,512.27
3905,255.61,682.37
3906,101.2,327.73
3907,175.93,390.68
3908,192.54,297.65
3909,176.65,874.01
3910,70.55,230.95
3911,269.14,508.63
3912,221.64,866.08
3913,186.31,143.39
3914,112.98,207.29
3915,46.35,65.8
3916,12.33,57.4
3917,179.82,855.3
3918,222.04,439.44
3919,84.16,285.82
3920,228.39,649.52
3921,293.29,1001.94
3922,87.25,52.93
3923,254.23,506.1
3924,73.43,214.92
3925,272.08,950.25
3926,75.25,270.38
3927,216.13,699.46
3928,115.06,224.06
3929,133.27,70.26
3930,261.09,212.77
3931,58.55,196.41
3932,43.32,61.47
3933,28.44,90.06
3934,249.54,1171.13
3935,71.66,61.04
3936,217.77,414.11
3937,216.78,347.32
3938,53.75,87.09
3939,86.32,217.29
3940,191.05,329.25
3941,234.61,201.78
3942,291.79,668.81
3943,51.16,127.19
3944,152.08,579.0
3945,228.34,956.34
3946,238.27,140.38
3947,115.04,499.64
3948,227.9,1059.03
3949,178.96,212.53
3950,218.27,361.85
3951,139.63,354.83
3952,113.17,365.21
3953,22.51,25.1
3954,141.31,169.04
3955,57.7,32.18
3956,150.71,567.28
3957,147.94,690.23
3958,282.15,1373.29
3959,112.57,304.27
3960,192.67,606.41
3961,123.23,83.15
3962,276.56,617.2
3963,170.12,233.75
3964,131.45,216.72
3965,274.01,1027.57
3966,153.37,413.91
3967,206.86,751.74
3968,195.62,913.42
3969,220.96,351.46
3970,11.32,47.08
3971,189.65,672.1
3972,209.54,713.27
3973,79.14,201.78
3974,204.64,336.49
3975,181.04,865.91
3976,252.61,140.33
3977,231.52,787.12
3978,275.15,629.96
3979,176.26,802.77
3980,156.04,210.61
3981,127.46,539.65
3982,76.61,142.49
3983,290.34,1005.5
3984,115.45,217.73
3985,124.07,551.34
3986,218.57,196.7
3987,191.22,763.94
3988,103.97,118.76
3989,224.87,1053.53
3990,119.99,226.36
3991,296.12,1235.93
3992,1.47,1.2
3993,209.2,598.8
3994,196.7,747.2
3995,52.02,113.71
3996,211.51,294.23
3997,55.41,264.2
3998,135.75,565.35
3999,56.51,43.25
4000,55.64,217.9
4001,78.55,358.21
4002,123.23,409.22
4003,187.7,827.31
4004,50.67,92.17
4005,113.94,198.87
4006,103.3,323.89
4007,143.89,507.59
4008,31.14,24.13
4009,225.79,120.24
4010,175.15,865.99
4011,29.96,85.4
4012,3.17,10.19
4013,296.08,1162.45
4014,279.71,735.51
4015,101.77,247.56
4016,111.86,504.01
4017,299.83,1252.03
4018,282.36,986.24
4019,114.15,86.48
4020,107.45,213.41
4021,30.95,79.11
4022,209.79,789.54
4023,266.5,299.78
4024,180.97,798.17
4025,84.56,308.36
4026,244.7,528.05
4027,185.89,644.1
4028,143.08,337.54
4029,57.19,282.39
4030,287.31,1194.29
4031,5.97,12.66
4032,14.68,60.69
4033,98.33,245.76
4034,182.42,419.7
4035,184.17,159.52
4036,128.95,604.99
4037,279.32,1380.1
4038,257.27,1176.6
4039,220.55,401.93
4040,59.33,67.89
4041,156.5,481.01
4042,257.18,712.61
4043,39.23,160.28
4044,91.1,321.47
4045,165.08,732.38
4046,51.25,128.55
4047,35.59,123.92
4048,73.03,106.07
4049,226.22,784.72
4050,27.74,68.16
4051,215.01,262.54
4052,278.76,1271.68
4053,230.13,343.28
4054,78.03,206.26
4055,269.36,283.89
4056,41.59,120.84
4057,217.9,197.63
4058,207.84,919.43
4059,279.6,1104.01
4060,180.6,613.67
4061,113.73,424.04
4062,221.06,490.18
4063,192.99,584.48
4064,256.99,1063.43
4065,67.84,69.24
4066,27.22,24.53
4067,222.43,1049.3
4068,223.64,228.67
4069,110.95,481.52
4070,286.27,886.33
4071,1.5,1.17
4072,161.15,694.88
4073,293.97,569.83
4074,110.14,391.75
4075,239.17,678.98
4076,180.88,271.25
4077,119.2,348.34
4078,138.72,159.69
4079,282.92,1207.35
4080,150.45,383.8
4081,180.84,209.13
4082,199.94,820.92
4083,211.19,674.74
4084,93.36,462.74
4085,37.92,189.06
4086,212.25,562.94
4087,248.78,678.58
4088,211.54,464.37
4089,294.36,588.47
4090,248.54,359.83
4091,220.06,912.56
4092,210.42,154.98
4093,259.76,339.14
4094,146.76,332.14
4095,295.33,1023.8
4096,254.71,1263.31
4097,164.83,332.68
4098,203.69,1009.57
4099,227.56,514.24
4100,158.83,281.71
4101,209.22,288.29
4102,257.02,583.94
4103,40.14,155.95
4104,174.53,719.56
4105,255.09,942.08
4106,137.8,170.41
4107,42.13,153.01
4108,88.03,101.38
4109,66.22,256.12
4110,220.86,119.51
4111,218.06,673.93
4112,203.82,1008.54
4113,45.13,215.58
4114,128.71,551.84
4115,277.87,259.03
4116,292.27,382.39
4117,16.69,81.97
4118,195.38,619.41
4119,290.95,966.35
4120,121.79,79.52
4121,73.02,197.07
4122,206.71,991.28
4123,196.19,429.49
4124,207.85,847.81
4125,197.9,791.56
4126,259.6,889.49
4127,83.29,286.47
4128,110.83,115.26
4129,25.71,69.46
4130,200.97,561.48
4131,7.89,24.29
4132,172.22,298.24
4133,223.86,912.13
4134,55.15,147.74
4135,193.73,474.92
4136,171.86,162.83
4137,19.99,91.75
4138,238.77,318.04
4139,244.05,143.71
4140,167.26,487.37
4141,243.85,658.04
4142,156.15,488.94
4143,214.41,869.5
4144,38.1,148.15
4145,289.74,1315.19
4146,55.02,175.84
4147,54.8,164.19
4148,240.35,253.26
4149,39.52,56.44
4150,49.2,149.14
4151,255.58,168.05
4152,294.0,816.63
4153,109.7,323.61
4154,127.49,606.03
4155,1.03,1.91
4156,283.92,805.62
4157,235.06,814.77
4158,134.03,415.07
4159,208.84,595.61
4160,295.82,616.64
4161,161.92,233.86
4162,30.6,128.18
4163,71.89,96.79
4164,90.61,384.8
4165,287.27,922.04
4166,65.6,138.8
4167,39.42,130.1
4168,23.23,38.27
4169,115.15,525.83
4170,120.62,105.5
4171,77.0,185.88
4172,208.66,607.53
4173,22.1,83.91
4174,298.61,1085.63
4175,58.6,127.43
4176,197.54,828.14
4177,181.88,434.44
4178,46.89,232.86
4179,130.65,80.56
4180,181.48,154.05
4181,38.26,38.07
4182,164.96,131.44
4183,192.41,410.35
4184,100.72,174.21
4185,260.79,395.34
4186,3.95,8.68
4187,290.66,640.57
4188,32.4,151.16
4189,53.54,202.25
4190,92.66,388.81
4191,147.4,424.56
4192,210.44,924.73
4193,165.91,536.49
4194,269.07,341.28
4195,284.01,639.88
4196,104.21,399.73
4197,290.43,840.09
4198,178.79,772.97
4199,143.58,154.22
4200,3.84,10.79
4201,47.49,50.75
4202,114.26,435.26
4203,16.81,63.28
4204,292.38,1077.06
4205,75.48,244.49
4206,212.33,281.12
4207,295.89,1211.11
4208,151.17,263.22
4209,128.9,610.67
4210,264.53,1101.27
4211,92.25,402.27
4212,284.29,662.2
4213,94.51,85.59
4214,24.76,93.71
4215,283.52,352.42
4216,18.17,69.87
4217,166.69,453.03
4218,262.43,1267.47
4219,127.77,356.36
4220,219.51,583.56
4221,154.99,773.52
4222,266.54,970.33
4223,122.24,400.13
4224,273.36,1054.25
4225,214.53,785.54
4226,225.15,360.02
4227,221.96,1060.73
4228,247.19,1102.84
4229,158.91,515.09
4230,182.6,883.95
4231,202.68,905.71
4232,157.53,238.31
4233,23.46,100.35
4234,154.59,739.89
4235,127.39,281.01
4236,112.61,113.69
4237,274.3,445.45
4238,162.2,640.51
4239,36.24,66.91
4240,88.77,129.5
4241,221.67,678.26
4242,66.02,123.57
4243,280.0,950.15
4244,247.89,163.47
4245,139.45,457.38
4246,146.99,308.8
4247,185.04,366.1
4248,106.81,55.88
4249,267.17,357.4
4250,107.01,102.3
4251,148.12,130.55
4252,154.78,184.45
4253,38.03,102.43
4254,47.53,164.21
4255,68.6,156.35
4256,90.49,219.67
4257,55.47,230.31
4258,33.5,82.86
4259,251.97,309.48
4260,106.77,261.89
4261,108.41,478.88
4262,60.34,81.64
4263,13.04,29.67
4264,223.43,1017.61
4265,48.93,68.28
4266,144.31,504.16
4267,80.47,192.72
4268,165.49,678.38
4269,214.58,421.0
4270,229.55,1025.62
4271,151.06,703.34
4272,253.08,569.38
4273,33.81,33.32
4274,7.32,8.78
4275,150.5,594.96
4276,71.71,254.74
4277,103.3,505.55
4278,221.49,543.64
4279,87.55,235.22
4280,228.51,369.01
4281,46.6,130.51
4282,75.59,298.6
4283,259.39,1290.25
4284,74.96,314.29
4285,60.33,221.96
4286,243.18,888.86
4287,151.2,198.88
4288,297.77,941.07
4289,190.71,292.21
4290,40.56,27.28
4291,297.13,1390.85
4292,128.46,420.59
4293,28.19,20.56
4294,122.78,230.7
4295,190.36,293.43
4296,101.52,269.68
4297,153.45,521.34
4298,91.98,157.43
4299,84.89,176.54
4300,126.0,244.35
4301,15.22,10.41
4302,16.59,63.89
4303,64.38,168.95
4304,272.64,259.94
4305,56.27,268.27
4306,109.71,205.11
4307,29.97,16.83
4308,165.98,726.81
4309,100.03,383.7
4310,109.05,436.71
4311,159.13,345.66
4312,195.42,282.41
4313,115.83,520.35
4314,40.02,153.74
4315,36.99,116.13
4316,273.74,942.92
4317,57.94,212.7
4318,277.72,232.44
4319,164.43,335.94
4320,217.88,1079.25
4321,61.4,229.85
4322,14.1,19.21
4323,165.6,270.98
4324,263.25,1142.63
4325,272.14,1330.24
4326,268.58,676.33
4327,215.48,990.95
4328,21.24,50.67
4329,279.47,773.41
4330,7.54,24.1
4331,209.32,226.11
4332,14.59,44.47
4333,238.52,863.95
4334,222.47,509.17
4335,205.72,908.49
4336,291.49,362.86
4337,225.47,502.5
4338,234.03,539.16
4339,82.18,109.16
4340,48.84,72.29
4341,209.32,932.77
4342,237.4,605.25
4343,212.62,608.69
4344,91.72,136.8
4345,212.77,635.05
4346,52.16,36.79
4347,72.23,48.82
4348,45.29,202.73
4349,278.25,477.74
4350,237.4,804.99
4351,75.45,317.29
4352,160.84,81.43
4353,104.89,338.08
4354,111.36,97.4
4355,211.93,629.8
4356,216.9,507.01
4357,183.83,360.46
4358,18.12,75.59
4359,247.36,367.76
4360,289.6,375.12
4361,291.51,850.7
4362,293.65,1175.14
4363,234.37,229.45
4364,223.99,497.01
4365,196.49,867.53
4366,190.66,567.97
4367,245.24,366.11
4368,81.37,253.67
4369,242.51,942.89
4370,47.54,73.34
4371,218.16,470.98
4372,270.75,249.53
4373,55.27,73.65
4374,258.84,349.4
4375,147.66,558.55
4376,194.62,115.74
4377,49.71,64.61
4378,118.87,384.57
4379,21.77,17.94
4380,74.33,341.26
4381,291.15,276.9
4382,158.51,597.65
4383,242.59,779.88
4384,113.98,67.62
4385,248.14,976.56
4386,193.7,134.98
4387,75.25,65.93
4388,43.65,145.06
4389,5.04,24.44
4390,287.33,281.16
4391,221.1,447.23
4392,212.53,299.76
4393,144.65,438.7
4394,133.85,165.19
4395,100.2,119.77
4396,17.71,64.01
4397,188.62,198.78
4398,247.65,238.4
4399,89.72,251.39
4400,251.11,285.83
4401,273.74,166.43
4402,128.71,149.71
4403,196.95,298.67
4404,263.82,588.67
4405,265.38,1115.27
4406,34.61,43.71
4407,33.93,32.5
4408,286.8,604.54
4409,185.09,191.12
4410,277.07,1285.45
4411,268.78,865.55
4412,54.24,156.6
4413,180.28,641.34
4414,45.92,160.85
4415,91.17,381.0
4416,105.17,101.77
4417,274.95,956.22
4418,279.93,1161.22
4419,213.68,180.27
4420,1.65,7.75
4421,45.44,156.83
4422,96.76,218.45
4423,216.68,874.29
4424,144.05,115.66
4425,173.78,837.3
4426,84.26,76.42
4427,298.44,393.47
4428,116.12,224.92
4429,127.73,462.43
4430,124.77,507.91
4431,100.71,413.88
4432,196.53,315.74
4433,126.18,345.35
4434,160.6,465.12
4435,246.6,550.12
4436,174.71,419.0
4437,173.79,629.25
4438,224.74,823.43
4439,71.32,36.58
4440,298.18,172.11
4441,167.95,807.72
4442,276.35,212.26
4443,105.45,455.48
4444,260.16,1088.91
4445,89.11,102.35
4446,256.14,1248.22
4447,273.97,435.95
4448,248.52,186.74
4449,42.2,203.79
4450,211.48,464.95
4451,8.88,43.0
4452,112.13,409.98
4453,199.16,165.69
4454,251.39,1110.43
4455,10.03,21.5
4456,24.62,20.85
4457,171.19,712.44
4458,45.77,60.46
4459,223.32,863.46
4460,209.87,387.79
4461,124.05,250.33
4462,234.64,851.42
4463,86.74,104.22
4464,264.47,170.46
4465,225.59,623.72
4466,4.25,18.05
4467,204.29,907.43
4468,166.69,705.57
4469,275.83,760.86
4470,213.1,512.83
4471,47.88,233.61
4472,156.93,769.06
4473,38.41,55.82
4474,186.09,276.36
4475,55.92,215.68
4476,168.23,721.32
4477,245.15,639.34
4478,94.64,320.69
4479,248.35,308.38
4480,241.2,822.47
4481,59.22,58.5
4482,24.26,77.98
4483,254.14,159.15
4484,85.38,250.77
4485,20.53,65.43
4486,227.2,429.64
4487,165.96,559.74
4488,10.68,18.28
4489,293.02,891.25
4490,169.56,687.74
4491,14.66,28.08
4492,283.11,152.36
4493,107.64,190.61
4494,120.04,165.29
4495,225.8,850.27
4496,292.18,1069.95
4497,30.12,70.26
4498,222.69,212.56
4499,242.44,285.07
4500,176.57,391.9
4501,176.32,764.19
4502,87.75,103.71
4503,139.47,625.3
4504,28.89,107.85
4505,265.44,1097.23
4506,196.61,778.52
4507,49.15,237.71
4508,155.37,587.18
4509,195.77,917.38
4510,103.08,415.83
4511,102.37,217.17
4512,256.93,626.67
4513,267.31,1064.91
4514,116.9,168.3
4515,183.51,153.69
4516,46.57,154.85
4517,149.76,617.2
4518,43.64,192.76
4519,164.59,799.95
4520,234.65,209.37
4521,29.14,55.71
4522,280.28,343.8
4523,84.76,180.96
4524,27.68,36.16
4525,231.81,384.98
4526,142.51,235.44
4527,263.12,901.53
4528,42.99,45.48
4529,171.05,116.0
4530,257.84,594.12
4531,257.24,1190.28
4532,39.57,85.09
4533,253.61,1213.32
4534,112.73,402.44
4535,152.28,256.25
4536,262.79,938.55
4537,186.56,633.82
4538,222.57,356.48
4539,246.55,132.09
4540,256.06,462.95
4541,48.3,110.93
4542,22.82,51.28
4543,139.22,128.19
4544,140.3,475.78
4545,270.14,700.16
4546,26.66,101.12
4547,275.32,1280.57
4548,230.7,322.43
4549,99.29,191.41
4550,298.94,803.65
4551,210.98,557.62
4552,84.23,56.63
4553,47.57,124.39
4554,192.42,373.46
4555,10.37,33.23
4556,114.71,540.75
4557,109.09,265.69
4558,142.55,105.96
4559,260.54,1247.18
4560,205.42,352.15
4561,191.07,167.41
4562,21.71,50.43
4563,90.2,334.18
4564,261.52,748.34
4565,201.22,335.54
4566,249.33,228.38
4567,270.59,551.76
4568,226.2,280.58
4569,105.43,251.55
4570,143.17,515.37
4571,49.05,178.3
4572,107.05,387.31
4573,117.35,63.92
4574,235.14,749.41
4575,24.26,85.05
4576,185.34,362.67
4577,295.92,1398.33
4578,223.11,851.22
4579,95.64,112.59
4580,138.14,160.75
4581,259.43,262.34
4582,291.02,677.71
4583,156.69,80.94
4584,135.72,576.31
4585,38.59,97.32
4586,290.87,272.98
4587,66.37,325.59
4588,126.63,374.49
4589,50.66,111.4
4590,105.08,502.88
4591,291.55,902.57
4592,5.3,22.06
4593,5.84,26.48
4594,151.12,665.67
4595,210.1,718.56
4596,137.34,322.3
4597,106.31,312.67
4598,157.43,620.73
4599,34.9,45.06
4600,129.09,167.3
4601,178.87,526.31
4602,115.09,495.22
4603,206.88,510.73
4604,85.69,282.07
4605,277.62,1209.45
4606,298.61,1232.28
4607,32.04,109.68
4608,185.26,435.5
4609,149.43,580.2
4610,278.24,263.95
4611,133.79,416.83
4612,10.76,19.42
4613,126.77,190.53
4614,136.93,303.28
4615,59.47,155.4
4616,38.21,185.48
4617,274.29,646.83
4618,246.3,903.25
4619,222.6,118.92
4620,113.02,170.4
4621,85.8,382.52
4622,80.09,342.24
4623,238.75,564.94
4624,73.22,333.21
4625,124.95,71.21
4626,46.86,102.38
4627,245.2,1027.43
4628,180.38,362.19
4629,287.79,1429.66
4630,73.31,357.8
4631,58.61,199.27
4632,248.74,1021.32
4633,173.78,187.67
4634,191.25,936.76
4635,52.94,241.87
4636,155.67,384.24
4637,30.77,126.32
4638,151.77,507.14
4639,235.5,1011.15
4640,188.57,315.11
4641,166.32,793.21
4642,61.93,56.96
4643,131.79,438.86
4644,178.39,111.53
4645,212.57,986.89
4646,24.55,54.52
4647,222.96,242.46
4648,136.66,456.68
4649,108.08,170.63
4650,269.47,494.79
4651,161.09,258.33
4652,234.23,945.64
4653,231.35,802.01
4654,83.21,391.7
4655,188.6,636.1
4656,174.23,168.2
4657,138.28,439.94
4658,33.02,58.48
4659,268.49,246.34
4660,148.78,316.35
4661,251.66,568.4
4662,147.82,88.52
4663,23.0,110.78
4664,23.82,85.59
4665,113.2,216.34
4666,272.58,1128.06
4667,54.76,29.88
4668,54.42,166.13
4669,182.39,117.01
4670,292.8,1455.75
4671,145.69,475.39
4672,164.4,199.38
4673,222.77,1040.25
4674,58.66,37.13
4675,7.89,22.11
4676,46.55,204.86
4677,35.32,52.14
4678,98.93,147.3
4679,218.6,1033.83
4680,81.01,216.06
4681,286.02,591.63
4682,165.9,302.68
4683,223.81,611.25
4684,154.28,354.8
4685,58.72,75.06
4686,206.43,927.47
4687,85.04,192.85
4688,175.51,693.09
4689,94.16,383.56
4690,286.17,771.3
4691,264.97,637.73
4692,224.38,936.0
4693,187.25,605.35
4694,129.36,394.82
4695,112.81,377.59
4696,20.22,25.33
4697,11.09,31.06
4698,176.47,321.29
4699,248.18,844.54
4700,289.58,603.81
4701,9.95,13.03
4702,97.48,395.67
4703,107.97,89.28
4704,197.43,429.18
4705,234.07,245.86
4706,96.26,52.85
4707,99.33,257.68
4708,238.78,1085.1
4709,168.93,377.59
4710,180.94,519.78
4711,31.77,55.64
4712,182.76,817.87
4713,258.11,215.96
4714,267.91,642.41
4715,227.1,438.31
4716,96.72,134.16
4717,241.01,661.31
4718,297.09,711.7
4719,38.1,48.39
4720,98.74,219.49
4721,173.35,309.03
4722,193.46,842.03
4723,296.4,1364.15
4724,86.03,368.84
4725,121.44,550.27
4726,275.49,186.24
4727,193.79,157.46
4728,29.44,121.04
4729,217.25,377.15
4730,226.35,520.96
4731,167.38,319.58
4732,184.08,417.86
4733,209.24,532.65
4734,254.75,1236.09
4735,37.3,81.41
4736,185.78,117.38
4737,15.3,8.37
4738,32.44,63.35
4739,206.59,508.33
4740,51.89,70.58
4741,270.78,584.87
4742,270.96,1342.08
4743,280.3,1235.02
4744,78.65,317.14
4745,34.13,162.53
4746,23.44,46.46
4747,184.21,765.61
4748,81.7,103.47
4749,42.19,108.56
4750,38.76,169.71
4751,226.16,1016.61
4752,289.79,683.85
4753,134.59,141.41
4754,158.75,492.2
4755,198.72,972.45
4756,97.25,368.47
4757,68.52,115.6
4758,89.57,78.16
4759,168.0,743.89
4760,198.18,754.81
4761,62.56,53.24
4762,291.56,224.85
4763,4.93,7.26
4764,245.73,330.66
4765,32.26,46.42
4766,177.57,510.41
4767,257.68,1010.67
4768,94.24,239.66
4769,47.05,130.34
4770,274.32,407.24
4771,109.73,536.34
4772,260.49,732.13
4773,234.23,315.22
4774,84.07,104.15
4775,92.84,409.82
4776,194.87,226.6
4777,262.98,1013.16
4778,72.93,329.89
4779,56.92,35.78
4780,198.9,504.59
4781,80.41,375.61
4782,26.14,63.82
4783,46.04,127.06
4784,152.87,113.0
4785,82.5,77.56
4786,194.94,739.6
4787,127.35,232.16
4788,121.4,385.23
4789,159.34,433.61
4790,130.64,465.76
4791,194.26,935.43
4792,66.65,49.26
4793,11.67,19.81
4794,20.69,19.75
4795,68.71,226.12
4796,215.03,486.74
4797,31.29,118.99
4798,263.98,450.67
4799,62.51,252.28
4800,104.94,188.47
4801,179.3,681.78
4802,29.18,80.67
4803,210.44,556.7
4804,92.29,422.69
4805,72.35,138.77
4806,21.77,29.24
4807,270.06,307.4
4808,4.81,12.68
4809,100.88,131.02
4810,79.89,67.62
4811,204.08,885.48
4812,178.61,868.57
4813,175.36,473.01
4814,75.01,74.43
4815,245.86,750.54
4816,297.13,1265.51
4817,158.06,198.03
4818,44.83,41.36
4819,92.08,351.09
4820,136.33,518.96
4821,296.95,492.35
4822,146.46,313.32
4823,5.05,10.54
4824,213.34,962.41
4825,232.58,1013.19
4826,270.75,861.21
4827,34.72,124.51
4828,218.74,129.77
4829,293.61,1278.14
4830,198.15,225.37
4831,149.85,239.71
4832,222.56,1086.05
4833,108.47,417.57
4834,58.96,282.81
4835,191.98,930.05
4836,263.27,935.82
4837,269.87,680.53
4838,287.53,825.52
4839,80.33,285.64
4840,266.51,602.21
4841,125.77,625.42
4842,93.49,64.04
4843,156.5,320.0
4844,184.1,451.15
4845,137.05,665.61
4846,237.91,427.72
4847,290.87,798.49
4848,205.97,535.2
4849,45.92,222.71
4850,187.51,654.31
4851,91.79,164.96
4852,240.14,136.92
4853,13.24,23.48
4854,178.33,131.85
4855,92.44,225.23
4856,198.42,99.78
4857,76.18,158.15
4858,85.7,374.13
4859,199.93,791.72
4860,47.36,42.01
4861,81.93,408.14
4862,59.82,187.45
4863,25.13,37.31
4864,142.48,298.62
4865,243.7,820.47
4866,127.35,617.79
4867,30.34,50.84
4868,91.3,173.32
4869,169.61,602.99
4870,97.42,302.17
4871,205.31,286.98
4872,41.57,124.47
4873,91.02,80.57
4874,170.43,567.09
4875,164.2,359.9
4876,262.9,648.32
4877,42.44,105.61
4878,94.66,445.56
4879,214.07,558.23
4880,128.87,308.29
4881,123.67,77.24
4882,168.11,808.39
4883,126.85,494.89
4884,184.95,344.15
4885,73.55,206.3
4886,39.06,115.02
4887,170.11,309.61
4888,226.85,514.26
4889,121.48,63.99
4890,242.44,1075.73
4891,138.61,103.2
4892,17.35,73.47
4893,195.31,390.75
4894,30.12,54.44
4895,144.96,288.6
4896,19.2,73.58
4897,202.65,775.57
4898,16.85,23.97
4899,44.1,168.99
4900,149.1,224.54
4901,203.03,880.17
4902,90.97,172.75
4903,296.76,156.99
4904,146.0,524.87
4905,35.3,17.66
4906,181.53,189.64
4907,29.96,42.52
4908,142.65,605.87
4909,133.7,100.33
4910,37.42,86.83
4911,294.83,1235.7
4912,252.67,747.96
4913,246.68,879.65
4914,257.93,845.29
4915,130.27,438.08
4916,56.26,235.36
4917,197.58,250.63
4918,222.76,659.38
4919,143.37,258.81
4920,200.59,966.02
4921,148.4,520.09
4922,117.97,429.34
4923,33.09,78.62
4924,128.03,80.13
4925,137.67,418.37
4926,4.29,7.99
4927,193.89,876.28
4928,186.34,128.92
4929,272.21,1315.48
4930,140.9,528.91
4931,83.79,412.07
4932,107.97,469.81
4933,151.46,313.48
4934,212.16,479.02
4935,19.77,68.24
4936,106.21,396.85
4937,102.45,380.94
4938,236.22,413.98
4939,229.02,426.71
4940,118.78,549.09
4941,193.9,425.48
4942,142.05,492.26
4943,173.24,809.61
4944,232.84,666.96
4945,39.7,77.75
4946,286.6,592.24
4947,185.63,430.1
4948,14.43,62.54
4949,48.59,45.4
4950,32.76,154.1
4951,143.45,562.27
4952,294.42,1218.46
4953,220.06,344.34
4954,270.04,346.46
4955,267.85,1044.93
4956,126.6,99.97
4957,183.96,186.74
4958,254.19,210.46
4959,229.24,740.31
4960,252.36,1174.98
4961,97.03,353.6
4962,113.91,563.85
4963,172.56,241.38
4964,76.5,188.86
4965,86.54,121.62
4966,49.46,205.87
4967,242.79,331.49
4968,175.05,583.1
4969,200.93,284.5
4970,243.19,1099.17
4971,108.51,253.49
4972,164.43,135.46
4973,56.41,213.51
4974,273.39,926.8
4975,149.36,634.15
4976,171.54,451.46
4977,106.28,348.93
4978,168.05,188.29
4979,21.08,51.09
4980,113.46,92.91
4981,24.36,97.95
4982,90.17,92.94
4983,69.94,224.28
4984,99.95,150.73
4985,282.24,1312.48
4986,76.16,279.11
4987,21.32,94.27
4988,290.47,242.98
4989,173.03,750.84
4990,279.61,768.99
4991,120.37,90.87
4992,209.56,209.34
4993,141.82,656.38
4994,79.65,50.57
4995,102.08,170.88
4996,101.03,398.19
4997,42.65,126.32
4998,220.43,1026.94
4999,199.34,887.5
5000,71.45,59.17
